"","scr_inner_iterations[[""Control""]][[""gamma""]]"
"ASV_1",0.000344711470241988
"ASV_2",0.000219501419773643
"ASV_3",0.000132623700578898
"ASV_4",0.000151695522015061
"ASV_5",0.00127683717420753
"ASV_6",0.000121142984761626
"ASV_7",0.000773228923252725
"ASV_8",0
"ASV_9",0.000267301844150887
"ASV_10",0
"ASV_11",0.000175341756242047
"ASV_12",0.000266954896841567
"ASV_13",0.000249349620640109
"ASV_14",0.0015247148357918
"ASV_15",0.000572672363133144
"ASV_16",0
"ASV_17",0.000202886602043929
"ASV_18",0.000145118302968365
"ASV_19",0.000302909388153222
"ASV_20",0.000237061363510206
"ASV_21",0.000716340468928956
"ASV_22",0.00194347520645499
"ASV_23",0
"ASV_24",0.000270951215079848
"ASV_25",0
"ASV_26",0.000243189198169297
"ASV_27",0
"ASV_28",0
"ASV_29",0
"ASV_30",0
"ASV_31",0
"ASV_32",6.88696144853555e-05
"ASV_33",0
"ASV_34",0.00143646246180623
"ASV_35",0
"ASV_36",0
"ASV_37",0.000400382108830204
"ASV_38",0.000336427813501373
"ASV_39",0.000451717897047131
"ASV_40",0.00175829214058689
"ASV_41",0
"ASV_42",0
"ASV_43",0
"ASV_44",0
"ASV_45",0
"ASV_46",0
"ASV_47",6.71088960066211e-05
"ASV_48",4.44473128516089e-05
"ASV_49",0
"ASV_50",0
"ASV_51",0
"ASV_52",0.000194336973673197
"ASV_53",0
"ASV_54",0
"ASV_55",0
"ASV_56",0
"ASV_57",0.000725221032457644
"ASV_58",0
"ASV_59",0
"ASV_60",0
"ASV_61",0
"ASV_62",0.00141008694942231
"ASV_63",0.000259180476676318
"ASV_64",0
"ASV_65",0
"ASV_66",0
"ASV_67",0
"ASV_68",0
"ASV_69",0.000814156634451753
"ASV_70",0
"ASV_71",0
"ASV_72",0
"ASV_73",0
"ASV_74",0
"ASV_75",0
"ASV_76",0.000293756179946305
"ASV_77",0
"ASV_78",0
"ASV_79",0
"ASV_80",0
"ASV_81",0
"ASV_82",0
"ASV_83",0.000241703375229443
"ASV_84",0
"ASV_85",0
"ASV_86",0.000115037947358107
"ASV_87",0.000225545009537456
"ASV_88",0
"ASV_89",0.000252840437264742
"ASV_90",0
"ASV_91",0
"ASV_92",0.000126527392358792
"ASV_93",0
"ASV_94",0
"ASV_95",0
"ASV_96",0.000657003839318089
"ASV_97",0
"ASV_98",0.000113746041781754
"ASV_99",0
"ASV_100",0
"ASV_101",0
"ASV_102",0
"ASV_103",0
"ASV_104",0.000914950251146945
"ASV_105",0
"ASV_106",0
"ASV_107",0
"ASV_108",0
"ASV_109",0
"ASV_110",0
"ASV_111",0
"ASV_112",0
"ASV_113",0
"ASV_114",0.000111311354563015
"ASV_115",0
"ASV_116",0.00027033097445847
"ASV_117",8.71200535440454e-05
"ASV_118",0
"ASV_119",0
"ASV_120",0
"ASV_121",0.000324095092370895
"ASV_122",0
"ASV_123",0.0001340847715135
"ASV_124",0
"ASV_125",0.00091141823326047
"ASV_126",0
"ASV_127",0
"ASV_128",0
"ASV_129",0
"ASV_130",0
"ASV_131",0
"ASV_132",0
"ASV_133",0
"ASV_134",0
"ASV_135",0.000107402757383029
"ASV_136",0.000303633350148768
"ASV_137",0
"ASV_138",0
"ASV_139",0
"ASV_140",0.000327250002210452
"ASV_141",0
"ASV_142",0
"ASV_143",0
"ASV_144",0.000473676510965291
"ASV_145",0
"ASV_146",0
"ASV_147",0.000526655284522331
"ASV_148",0
"ASV_149",0
"ASV_150",0
"ASV_151",0
"ASV_152",0
"ASV_153",0.000319762077632595
"ASV_154",0
"ASV_155",0
"ASV_156",0
"ASV_157",0
"ASV_158",0
"ASV_159",0
"ASV_160",0
"ASV_161",0
"ASV_162",0
"ASV_163",0
"ASV_164",0
"ASV_165",0
"ASV_166",0.120178636039877
"ASV_167",0.000219939438782162
"ASV_168",0
"ASV_169",0
"ASV_170",0
"ASV_171",0
"ASV_172",0
"ASV_173",0
"ASV_174",0
"ASV_175",0
"ASV_176",0
"ASV_177",0
"ASV_178",0
"ASV_179",0
"ASV_180",0
"ASV_181",0
"ASV_182",0
"ASV_183",0
"ASV_184",0
"ASV_185",0
"ASV_186",0
"ASV_187",0
"ASV_188",0
"ASV_189",0.00139945266845499
"ASV_190",0
"ASV_191",0
"ASV_192",0
"ASV_193",0
"ASV_194",6.49016314850617e-05
"ASV_195",0
"ASV_196",0.000666548695427543
"ASV_197",0
"ASV_198",0
"ASV_199",0
"ASV_200",0
"ASV_201",0
"ASV_202",0
"ASV_203",0
"ASV_204",0
"ASV_205",0
"ASV_206",4.78967353371423e-05
"ASV_207",0
"ASV_208",0.000112116890883567
"ASV_209",0.000263856909095297
"ASV_210",0
"ASV_211",0
"ASV_212",4.29849964414763e-05
"ASV_213",0
"ASV_214",0
"ASV_215",0
"ASV_216",0
"ASV_217",0.000258303566538755
"ASV_218",0
"ASV_219",0.000262509671376067
"ASV_220",0
"ASV_221",0
"ASV_222",0
"ASV_223",0
"ASV_224",0
"ASV_225",0
"ASV_226",0
"ASV_227",0
"ASV_228",0
"ASV_229",0
"ASV_230",0
"ASV_231",0
"ASV_232",0
"ASV_233",0
"ASV_234",0
"ASV_235",0
"ASV_236",8.69499130481809e-05
"ASV_237",0
"ASV_238",0
"ASV_239",0
"ASV_240",0.00824232605458751
"ASV_241",0
"ASV_242",0
"ASV_243",0.000262674584526987
"ASV_244",0
"ASV_245",0.000171367775172938
"ASV_246",0
"ASV_247",0
"ASV_248",0
"ASV_249",0
"ASV_250",0.0713340854899954
"ASV_251",0
"ASV_252",0
"ASV_253",0.000269374030204464
"ASV_254",0
"ASV_255",0.000365909306994536
"ASV_256",0
"ASV_257",0
"ASV_258",0
"ASV_259",0.000354878677941394
"ASV_260",0
"ASV_261",0
"ASV_262",0
"ASV_263",0
"ASV_264",0.000261745694928767
"ASV_265",4.44086340548589e-05
"ASV_266",0.000586366489151166
"ASV_267",0
"ASV_268",0
"ASV_269",0
"ASV_270",0
"ASV_271",0.000240573329939655
"ASV_272",0.000307601245936638
"ASV_273",0
"ASV_274",0
"ASV_275",0
"ASV_276",0
"ASV_277",0
"ASV_278",0.000128577656975278
"ASV_279",0
"ASV_280",0
"ASV_281",0.000243954188893259
"ASV_282",0.000963339184902107
"ASV_283",0
"ASV_284",0
"ASV_285",0.000227370257904568
"ASV_286",0.000252656752538479
"ASV_287",0
"ASV_288",0
"ASV_289",0
"ASV_290",0
"ASV_291",0
"ASV_292",0
"ASV_293",0
"ASV_294",0
"ASV_295",4.32972075425772e-05
"ASV_296",0
"ASV_297",0
"ASV_298",0.000420847662518606
"ASV_299",0
"ASV_300",0
"ASV_301",0
"ASV_302",0
"ASV_303",0
"ASV_304",0.000266124006061711
"ASV_305",0
"ASV_306",0
"ASV_307",0
"ASV_308",0
"ASV_309",0
"ASV_310",0
"ASV_311",0
"ASV_312",0
"ASV_313",0.000249336657168504
"ASV_314",0
"ASV_315",0
"ASV_316",0
"ASV_317",0
"ASV_318",0
"ASV_319",0
"ASV_320",0
"ASV_321",0
"ASV_322",0
"ASV_323",0.0848517592453928
"ASV_324",0
"ASV_325",0
"ASV_326",0
"ASV_327",0.000111400129186711
"ASV_328",0.000140597614284622
"ASV_329",0
"ASV_330",0
"ASV_331",0
"ASV_332",0
"ASV_333",0
"ASV_334",0
"ASV_335",0
"ASV_336",0
"ASV_337",0.000403079604907012
"ASV_338",0
"ASV_339",0
"ASV_340",0
"ASV_341",0
"ASV_342",0
"ASV_343",0
"ASV_344",0.074662056290777
"ASV_345",0
"ASV_346",0
"ASV_347",0
"ASV_348",0
"ASV_349",0
"ASV_350",0
"ASV_351",0
"ASV_352",0
"ASV_353",0
"ASV_354",0
"ASV_355",0
"ASV_356",0
"ASV_357",0.000771443118224123
"ASV_358",0
"ASV_359",0.000180058562176073
"ASV_360",0
"ASV_361",0
"ASV_362",6.85150711926804e-05
"ASV_363",0
"ASV_364",0
"ASV_365",0
"ASV_366",0
"ASV_367",0
"ASV_368",0.00135101481640895
"ASV_369",0
"ASV_370",0
"ASV_371",0
"ASV_372",0
"ASV_373",0.000504107008239244
"ASV_374",0.00164820734899046
"ASV_375",0.000226278412294739
"ASV_376",0.000109530570692995
"ASV_377",0
"ASV_378",0.0004720662094015
"ASV_379",0
"ASV_380",0.000378282624216793
"ASV_381",0
"ASV_382",0
"ASV_383",0
"ASV_384",0
"ASV_385",0
"ASV_386",0
"ASV_387",0
"ASV_388",0
"ASV_389",0
"ASV_390",8.6740311187209e-05
"ASV_391",0
"ASV_392",0
"ASV_393",0
"ASV_394",0
"ASV_395",0
"ASV_396",0
"ASV_397",0
"ASV_398",0.000107356542995644
"ASV_399",0
"ASV_400",0
"ASV_401",0
"ASV_402",0.0577308765602483
"ASV_403",0
"ASV_404",0
"ASV_405",0
"ASV_406",0
"ASV_407",0
"ASV_408",0
"ASV_409",0
"ASV_410",0
"ASV_411",0
"ASV_412",0
"ASV_413",0
"ASV_414",0
"ASV_415",0
"ASV_416",0
"ASV_417",0
"ASV_418",0
"ASV_419",0
"ASV_420",0
"ASV_421",0
"ASV_422",0
"ASV_423",0
"ASV_424",0
"ASV_425",0
"ASV_426",0
"ASV_427",6.42333521490991e-05
"ASV_428",0
"ASV_429",0
"ASV_430",0
"ASV_431",0
"ASV_432",0
"ASV_433",0
"ASV_434",0
"ASV_435",0.0510309268519214
"ASV_436",0
"ASV_437",0
"ASV_438",0
"ASV_439",0
"ASV_440",0
"ASV_441",0
"ASV_442",8.72185940997328e-05
"ASV_443",4.45967483092161e-05
"ASV_444",0
"ASV_445",0
"ASV_446",0
"ASV_447",0
"ASV_448",0
"ASV_449",4.31145479221354e-05
"ASV_450",0
"ASV_451",0
"ASV_452",0
"ASV_453",0
"ASV_454",0
"ASV_455",0
"ASV_456",0
"ASV_457",0.00123639521285328
"ASV_458",0
"ASV_459",0
"ASV_460",0
"ASV_461",0
"ASV_462",0
"ASV_463",0
"ASV_464",4.49705859018253e-05
"ASV_465",0
"ASV_466",0
"ASV_467",0
"ASV_468",0
"ASV_469",0
"ASV_470",0
"ASV_471",0
"ASV_472",0
"ASV_473",0
"ASV_474",0
"ASV_475",0
"ASV_476",0.000173097353973095
"ASV_477",0
"ASV_478",0
"ASV_479",0
"ASV_480",0
"ASV_481",0
"ASV_482",0
"ASV_483",0
"ASV_484",0
"ASV_485",0
"ASV_486",0
"ASV_487",0
"ASV_488",0
"ASV_489",0.000154168698250254
"ASV_490",0
"ASV_491",0
"ASV_492",0
"ASV_493",0
"ASV_494",0
"ASV_495",0
"ASV_496",0
"ASV_497",0
"ASV_498",0
"ASV_499",0
"ASV_500",0
"ASV_501",0
"ASV_502",0
"ASV_503",0
"ASV_504",0
"ASV_505",0
"ASV_506",0
"ASV_507",0
"ASV_508",0
"ASV_509",0
"ASV_510",0
"ASV_511",0
"ASV_512",0
"ASV_513",0
"ASV_514",0
"ASV_515",0.00141720703629563
"ASV_516",0
"ASV_517",0
"ASV_518",0.00064791637589191
"ASV_519",0
"ASV_520",0
"ASV_521",0.00082985747471387
"ASV_522",0
"ASV_523",0
"ASV_524",0
"ASV_525",0.0348530371621849
"ASV_526",0
"ASV_527",0
"ASV_528",0
"ASV_529",0
"ASV_530",0
"ASV_531",0.000543870351747204
"ASV_532",0
"ASV_533",0
"ASV_534",0
"ASV_535",0.000130052215066338
"ASV_536",0
"ASV_537",0
"ASV_538",0.000112118665927723
"ASV_539",0
"ASV_540",0
"ASV_541",0
"ASV_542",0
"ASV_543",0
"ASV_544",0.0364537199785328
"ASV_545",0
"ASV_546",0
"ASV_547",0
"ASV_548",0
"ASV_549",0
"ASV_550",0
"ASV_551",0
"ASV_552",0
"ASV_553",0
"ASV_554",0
"ASV_555",0
"ASV_556",0
"ASV_557",0.000248837603793351
"ASV_558",0
"ASV_559",0
"ASV_560",0
"ASV_561",0
"ASV_562",0
"ASV_563",0
"ASV_564",0
"ASV_565",0
"ASV_566",0
"ASV_567",0
"ASV_568",0
"ASV_569",0
"ASV_570",4.31084900184042e-05
"ASV_571",0
"ASV_572",6.49240157030234e-05
"ASV_573",0
"ASV_574",0.000125474478389472
"ASV_575",0
"ASV_576",0
"ASV_577",0
"ASV_578",0.0314065197596593
"ASV_579",0
"ASV_580",0
"ASV_581",0
"ASV_582",0
"ASV_583",0
"ASV_584",0
"ASV_585",0
"ASV_586",0
"ASV_587",0
"ASV_588",0
"ASV_589",0
"ASV_590",4.34093000742617e-05
"ASV_591",0
"ASV_592",0.0300534485319201
"ASV_593",0
"ASV_594",0
"ASV_595",0
"ASV_596",0
"ASV_597",0
"ASV_598",0
"ASV_599",0
"ASV_600",0
"ASV_601",0
"ASV_602",0
"ASV_603",0
"ASV_604",0
"ASV_605",0
"ASV_606",0
"ASV_607",0
"ASV_608",0
"ASV_609",0.000366911435081
"ASV_610",0
"ASV_611",4.31082080411174e-05
"ASV_612",0
"ASV_613",0.000216215970058172
"ASV_614",0
"ASV_615",0
"ASV_616",0
"ASV_617",0.000282916191213935
"ASV_618",0
"ASV_619",0
"ASV_620",0
"ASV_621",0
"ASV_622",0
"ASV_623",0
"ASV_624",0.000118639170055996
"ASV_625",0.000272140187434957
"ASV_626",0
"ASV_627",0
"ASV_628",0
"ASV_629",0.000171310925834274
"ASV_630",0
"ASV_631",0
"ASV_632",0
"ASV_633",0
"ASV_634",0
"ASV_635",0
"ASV_636",8.62169800338897e-05
"ASV_637",0
"ASV_638",0
"ASV_639",0
"ASV_640",0
"ASV_641",0
"ASV_642",0
"ASV_643",0
"ASV_644",0
"ASV_645",0
"ASV_646",0
"ASV_647",0
"ASV_648",0.0244200980534451
"ASV_649",0
"ASV_650",0
"ASV_651",0.0237320551152191
"ASV_652",0
"ASV_653",0
"ASV_654",0
"ASV_655",0
"ASV_656",0
"ASV_657",0
"ASV_658",0.0241455056581239
"ASV_659",0
"ASV_660",0
"ASV_661",0.000500720365275926
"ASV_662",0
"ASV_663",0
"ASV_664",0
"ASV_665",0
"ASV_666",0
"ASV_667",0
"ASV_668",0
"ASV_669",0
"ASV_670",0
"ASV_671",0
"ASV_672",0
"ASV_673",0
"ASV_674",0
"ASV_675",0
"ASV_676",0
"ASV_677",0
"ASV_678",0
"ASV_679",0
"ASV_680",0.00054815007332365
"ASV_681",0
"ASV_682",0
"ASV_683",0
"ASV_684",4.32296806596665e-05
"ASV_685",0
"ASV_686",0
"ASV_687",0
"ASV_688",0
"ASV_689",0
"ASV_690",0
"ASV_691",0
"ASV_692",0
"ASV_693",0
"ASV_694",0.000133900422643095
"ASV_695",4.35812641901943e-05
"ASV_696",0
"ASV_697",0
"ASV_698",0
"ASV_699",0
"ASV_700",0
"ASV_701",6.50019801933773e-05
"ASV_702",0
"ASV_703",0
"ASV_704",0
"ASV_705",0
"ASV_706",0
"ASV_707",0.000351898892805278
"ASV_708",0
"ASV_709",0
"ASV_710",0.0205065553373073
"ASV_711",0.000427405076888477
"ASV_712",0
"ASV_713",0
"ASV_714",0
"ASV_715",0
"ASV_716",0
"ASV_717",0
"ASV_718",0.000446467795780335
"ASV_719",0
"ASV_720",0
"ASV_721",0
"ASV_722",0
"ASV_723",0
"ASV_724",0
"ASV_725",0
"ASV_726",0.000664251085830306
"ASV_727",0
"ASV_728",9.29813621908909e-05
"ASV_729",0
"ASV_730",0
"ASV_731",0
"ASV_732",0.000132707605081823
"ASV_733",0
"ASV_734",0.000134463206404001
"ASV_735",0
"ASV_736",0
"ASV_737",0
"ASV_738",0
"ASV_739",6.47077236806223e-05
"ASV_740",0
"ASV_741",0
"ASV_742",0
"ASV_743",0
"ASV_744",0
"ASV_745",0
"ASV_746",0
"ASV_747",0
"ASV_748",0
"ASV_749",0
"ASV_750",0
"ASV_751",0
"ASV_752",0
"ASV_753",0.0181091292435929
"ASV_754",0
"ASV_755",0
"ASV_756",0
"ASV_757",0.000603350550543416
"ASV_758",0
"ASV_759",0
"ASV_760",0
"ASV_761",0
"ASV_762",0
"ASV_763",0
"ASV_764",0
"ASV_765",0
"ASV_766",0.000222482379046723
"ASV_767",0
"ASV_768",0
"ASV_769",0
"ASV_770",0
"ASV_771",0
"ASV_772",0
"ASV_773",0
"ASV_774",0
"ASV_775",0
"ASV_776",0
"ASV_777",0.000177235507977214
"ASV_778",0
"ASV_779",0
"ASV_780",0
"ASV_781",0
"ASV_782",0
"ASV_783",0
"ASV_784",0
"ASV_785",6.45028697207622e-05
"ASV_786",0.000425559240908163
"ASV_787",0
"ASV_788",0
"ASV_789",0
"ASV_790",0
"ASV_791",0
"ASV_792",0
"ASV_793",0
"ASV_794",0
"ASV_795",0
"ASV_796",0
"ASV_797",0
"ASV_798",0
"ASV_799",0
"ASV_800",0
"ASV_801",0
"ASV_802",0
"ASV_803",0
"ASV_804",0
"ASV_805",0
"ASV_806",0
"ASV_807",0
"ASV_808",0
"ASV_809",0
"ASV_810",0
"ASV_811",0
"ASV_812",0
"ASV_813",0
"ASV_814",0
"ASV_815",0
"ASV_816",0
"ASV_817",0
"ASV_818",0
"ASV_819",0
"ASV_820",0
"ASV_821",0
"ASV_822",0
"ASV_823",0
"ASV_824",0
"ASV_825",0
"ASV_826",0
"ASV_827",0
"ASV_828",0.00010763427734281
"ASV_829",0
"ASV_830",0.000130004405613965
"ASV_831",0
"ASV_832",0
"ASV_833",0.000116657657591506
"ASV_834",0
"ASV_835",0
"ASV_836",0
"ASV_837",0
"ASV_838",0
"ASV_839",0
"ASV_840",0
"ASV_841",0
"ASV_842",0
"ASV_843",0
"ASV_844",0
"ASV_845",0
"ASV_846",0
"ASV_847",0
"ASV_848",0
"ASV_849",0
"ASV_850",0
"ASV_851",0
"ASV_852",0
"ASV_853",0
"ASV_854",0
"ASV_855",0
"ASV_856",0
"ASV_857",0
"ASV_858",0
"ASV_859",0
"ASV_860",0
"ASV_861",0
"ASV_862",8.61025149712082e-05
"ASV_863",0
"ASV_864",0
"ASV_865",0
"ASV_866",0
"ASV_867",0
"ASV_868",0
"ASV_869",0
"ASV_870",0
"ASV_871",0
"ASV_872",0.012693514942613
"ASV_873",0
"ASV_874",0
"ASV_875",0
"ASV_876",0.000963397578152814
"ASV_877",0
"ASV_878",0
"ASV_879",0
"ASV_880",0.000256205310937197
"ASV_881",0.000692635626564314
"ASV_882",0
"ASV_883",0
"ASV_884",0
"ASV_885",0
"ASV_886",0
"ASV_887",0
"ASV_888",0
"ASV_889",0
"ASV_890",0
"ASV_891",0.000130872143597104
"ASV_892",0
"ASV_893",0
"ASV_894",0
"ASV_895",0
"ASV_896",0
"ASV_897",0
"ASV_898",0
"ASV_899",0
"ASV_900",0
"ASV_901",0
"ASV_902",8.67146680827478e-05
"ASV_903",0
"ASV_904",0
"ASV_905",0
"ASV_906",0.00144786610662447
"ASV_907",0
"ASV_908",0.000707468302822071
"ASV_909",0
"ASV_910",0
"ASV_911",0
"ASV_912",0
"ASV_913",0
"ASV_914",0
"ASV_915",0
"ASV_916",0
"ASV_917",0
"ASV_918",0
"ASV_919",0
"ASV_920",0
"ASV_921",0.000129130676602133
"ASV_922",0.000523331670007274
"ASV_923",0
"ASV_924",0
"ASV_925",0
"ASV_926",0
"ASV_927",0
"ASV_928",0
"ASV_929",0
"ASV_930",0
"ASV_931",0
"ASV_932",0
"ASV_933",0
"ASV_934",0
"ASV_935",0
"ASV_936",0
"ASV_937",0.00107995657789051
"ASV_938",0
"ASV_939",0
"ASV_940",6.68991373757947e-05
"ASV_941",0
"ASV_942",0
"ASV_943",0.0103817112093884
"ASV_944",0
"ASV_945",0
"ASV_946",0
"ASV_947",0
"ASV_948",0
"ASV_949",0
"ASV_950",0
"ASV_951",0
"ASV_952",0
"ASV_953",0
"ASV_954",0
"ASV_955",0
"ASV_956",0
"ASV_957",0
"ASV_958",0
"ASV_959",0
"ASV_960",0
"ASV_961",0
"ASV_962",0
"ASV_963",0
"ASV_964",0
"ASV_965",0
"ASV_966",0
"ASV_967",0
"ASV_968",0
"ASV_969",0
"ASV_970",0
"ASV_971",0
"ASV_972",0
"ASV_973",0
"ASV_974",0
"ASV_975",0
"ASV_976",0
"ASV_977",0
"ASV_978",0
"ASV_979",0
"ASV_980",0
"ASV_981",0
"ASV_982",0
"ASV_983",0
"ASV_984",0
"ASV_985",0
"ASV_986",0.00069524847407879
"ASV_987",0
"ASV_988",0
"ASV_989",0
"ASV_990",0.000107523018241529
"ASV_991",0.00043425430563054
"ASV_992",0
"ASV_993",0
"ASV_994",0
"ASV_995",0
"ASV_996",0.00926862052302096
"ASV_997",0
"ASV_998",0
"ASV_999",0
"ASV_1000",0
"ASV_1001",0
"ASV_1002",0
"ASV_1003",0
"ASV_1004",0
"ASV_1005",0.0090759702119189
"ASV_1006",0
"ASV_1007",0
"ASV_1008",0
"ASV_1009",0
"ASV_1010",0
"ASV_1011",0
"ASV_1012",0.00279668151521147
"ASV_1013",0
"ASV_1014",0.000129171984550311
"ASV_1015",0.000151671287007949
"ASV_1016",0
"ASV_1017",0
"ASV_1018",0
"ASV_1019",0
"ASV_1020",0
"ASV_1021",0
"ASV_1022",0
"ASV_1023",0
"ASV_1024",0
"ASV_1025",0
"ASV_1026",0
"ASV_1027",0
"ASV_1028",0
"ASV_1029",0
"ASV_1030",0
"ASV_1031",0
"ASV_1032",0
"ASV_1033",0
"ASV_1034",0
"ASV_1035",0
"ASV_1036",0
"ASV_1037",0
"ASV_1038",0.000286275342538899
"ASV_1039",0
"ASV_1040",0
"ASV_1041",0
"ASV_1042",0
"ASV_1043",0
"ASV_1044",0
"ASV_1045",0
"ASV_1046",0
"ASV_1047",0.00011097424964095
"ASV_1048",0
"ASV_1049",0
"ASV_1050",0
"ASV_1051",0
"ASV_1052",0
"ASV_1053",0
"ASV_1054",0
"ASV_1055",0
"ASV_1056",0
"ASV_1057",0.000277585329881123
"ASV_1058",0
"ASV_1059",0
"ASV_1060",0
"ASV_1061",0.00101470442125332
"ASV_1062",0
"ASV_1063",0.000375484888802978
"ASV_1064",0
"ASV_1065",0
"ASV_1066",0
"ASV_1067",0
"ASV_1068",0
"ASV_1069",0.000353677007859999
"ASV_1070",0
"ASV_1071",0.000551243624283064
"ASV_1072",0
"ASV_1073",0
"ASV_1074",4.28458655461414e-05
"ASV_1075",0
"ASV_1076",0
"ASV_1077",0
"ASV_1078",0
"ASV_1079",0
"ASV_1080",0.00178612076233789
"ASV_1081",0
"ASV_1082",0
"ASV_1083",0
"ASV_1084",0.000836712949322276
"ASV_1085",0
"ASV_1086",0
"ASV_1087",0
"ASV_1088",0
"ASV_1089",0
"ASV_1090",0
"ASV_1091",0
"ASV_1092",0
"ASV_1093",0
"ASV_1094",0
"ASV_1095",0
"ASV_1096",0
"ASV_1097",0
"ASV_1098",0
"ASV_1099",0
"ASV_1100",0
"ASV_1101",0
"ASV_1102",0
"ASV_1103",0
"ASV_1104",0
"ASV_1105",0
"ASV_1106",0
"ASV_1107",0
"ASV_1108",0
"ASV_1109",0
"ASV_1110",0
"ASV_1111",0
"ASV_1112",0
"ASV_1113",0
"ASV_1114",0
"ASV_1115",0
"ASV_1116",0
"ASV_1117",0
"ASV_1118",0
"ASV_1119",0
"ASV_1120",0.000645557951260731
"ASV_1121",0
"ASV_1122",0
"ASV_1123",0
"ASV_1124",0
"ASV_1125",0
"ASV_1126",8.69014295228606e-05
"ASV_1127",0
"ASV_1128",0
"ASV_1129",0
"ASV_1130",0
"ASV_1131",0
"ASV_1132",0
"ASV_1133",0
"ASV_1134",8.66162809633872e-05
"ASV_1135",0
"ASV_1136",0
"ASV_1137",0
"ASV_1138",0
"ASV_1139",0
"ASV_1140",0
"ASV_1141",0
"ASV_1142",0
"ASV_1143",0
"ASV_1144",0
"ASV_1145",0
"ASV_1146",0
"ASV_1147",0
"ASV_1148",0.000462844996818904
"ASV_1149",0.00663573293795958
"ASV_1150",0
"ASV_1151",0
"ASV_1152",0
"ASV_1153",0
"ASV_1154",0
"ASV_1155",0
"ASV_1156",0
"ASV_1157",0
"ASV_1158",0
"ASV_1159",0
"ASV_1160",0
"ASV_1161",0
"ASV_1162",0
"ASV_1163",0
"ASV_1164",0
"ASV_1165",0
"ASV_1166",0
"ASV_1167",0
"ASV_1168",0.00635746026636772
"ASV_1169",0
"ASV_1170",0
"ASV_1171",0
"ASV_1172",0
"ASV_1173",0
"ASV_1174",0
"ASV_1175",8.73304351443237e-05
"ASV_1176",0
"ASV_1177",0
"ASV_1178",0
"ASV_1179",0
"ASV_1180",0
"ASV_1181",0
"ASV_1182",0
"ASV_1183",0.000182654182298982
"ASV_1184",0
"ASV_1185",0
"ASV_1186",0
"ASV_1187",0
"ASV_1188",0
"ASV_1189",0
"ASV_1190",0
"ASV_1191",0
"ASV_1192",0
"ASV_1193",0.000108034673855833
"ASV_1194",0
"ASV_1195",0
"ASV_1196",0
"ASV_1197",0
"ASV_1198",0
"ASV_1199",0
"ASV_1200",0
"ASV_1201",0
"ASV_1202",0
"ASV_1203",0
"ASV_1204",0
"ASV_1205",0
"ASV_1206",0
"ASV_1207",0
"ASV_1208",0
"ASV_1209",0
"ASV_1210",0
"ASV_1211",0
"ASV_1212",0
"ASV_1213",0
"ASV_1214",0
"ASV_1215",8.66712500993934e-05
"ASV_1216",0
"ASV_1217",0
"ASV_1218",0
"ASV_1219",0
"ASV_1220",0
"ASV_1221",0
"ASV_1222",0
"ASV_1223",0
"ASV_1224",0
"ASV_1225",0
"ASV_1226",0
"ASV_1227",0
"ASV_1228",0
"ASV_1229",0.000174203176686195
"ASV_1230",0
"ASV_1231",0
"ASV_1232",0
"ASV_1233",0
"ASV_1234",0
"ASV_1235",0.00017451994362674
"ASV_1236",0
"ASV_1237",0
"ASV_1238",0
"ASV_1239",0
"ASV_1240",0
"ASV_1241",0
"ASV_1242",0
"ASV_1243",0.000338758630497657
"ASV_1244",0
"ASV_1245",0
"ASV_1246",0
"ASV_1247",0
"ASV_1248",0
"ASV_1249",0
"ASV_1250",4.59361484731716e-05
"ASV_1251",0
"ASV_1252",0
"ASV_1253",0
"ASV_1254",0
"ASV_1255",0
"ASV_1256",0
"ASV_1257",0
"ASV_1258",0
"ASV_1259",0
"ASV_1260",0
"ASV_1261",0
"ASV_1262",0
"ASV_1263",0
"ASV_1264",0
"ASV_1265",0
"ASV_1266",0
"ASV_1267",0
"ASV_1268",0
"ASV_1269",0
"ASV_1270",0
"ASV_1271",0
"ASV_1272",8.62465519319455e-05
"ASV_1273",0
"ASV_1274",0
"ASV_1275",0
"ASV_1276",0
"ASV_1277",0
"ASV_1278",0
"ASV_1279",6.57896681820137e-05
"ASV_1280",0
"ASV_1281",0
"ASV_1282",0
"ASV_1283",0
"ASV_1284",0
"ASV_1285",0
"ASV_1286",0
"ASV_1287",0
"ASV_1288",0
"ASV_1289",0
"ASV_1290",0
"ASV_1291",0
"ASV_1292",0
"ASV_1293",0
"ASV_1294",0
"ASV_1295",0
"ASV_1296",0
"ASV_1297",0
"ASV_1298",0
"ASV_1299",0
"ASV_1300",0
"ASV_1301",0
"ASV_1302",4.41205806668513e-05
"ASV_1303",0
"ASV_1304",0
"ASV_1305",0
"ASV_1306",0
"ASV_1307",0
"ASV_1308",0
"ASV_1309",0
"ASV_1310",0
"ASV_1311",0
"ASV_1312",0
"ASV_1313",0
"ASV_1314",0
"ASV_1315",0
"ASV_1316",0
"ASV_1317",0
"ASV_1318",0
"ASV_1319",0
"ASV_1320",0
"ASV_1321",0
"ASV_1322",0
"ASV_1323",0
"ASV_1324",0
"ASV_1325",0
"ASV_1326",0
"ASV_1327",0
"ASV_1328",0
"ASV_1329",0
"ASV_1330",0
"ASV_1331",0
"ASV_1332",0
"ASV_1333",0
"ASV_1334",0
"ASV_1335",0
"ASV_1336",0
"ASV_1337",0
"ASV_1338",0
"ASV_1339",0
"ASV_1340",0
"ASV_1341",0
"ASV_1342",0
"ASV_1343",0
"ASV_1344",0
"ASV_1345",0
"ASV_1346",0
"ASV_1347",0
"ASV_1348",0
"ASV_1349",0
"ASV_1350",0
"ASV_1351",0
"ASV_1352",0
"ASV_1353",0
"ASV_1354",0
"ASV_1355",0
"ASV_1356",0.000401758042364777
"ASV_1357",0
"ASV_1358",0
"ASV_1359",0
"ASV_1360",0
"ASV_1361",0
"ASV_1362",0
"ASV_1363",0
"ASV_1364",0
"ASV_1365",0.000107344293911105
"ASV_1366",0
"ASV_1367",0
"ASV_1368",0
"ASV_1369",0
"ASV_1370",0
"ASV_1371",0
"ASV_1372",0
"ASV_1373",0.000429425301089372
"ASV_1374",0
"ASV_1375",0
"ASV_1376",0
"ASV_1377",0
"ASV_1378",0
"ASV_1379",0
"ASV_1380",0
"ASV_1381",0
"ASV_1382",0
"ASV_1383",0
"ASV_1384",0
"ASV_1385",0
"ASV_1386",0
"ASV_1387",0
"ASV_1388",0
"ASV_1389",0
"ASV_1390",0
"ASV_1391",0
"ASV_1392",0
"ASV_1393",0
"ASV_1394",0
"ASV_1395",0
"ASV_1396",0
"ASV_1397",0
"ASV_1398",0
"ASV_1399",0
"ASV_1400",0
"ASV_1401",0
"ASV_1402",0
"ASV_1403",0
"ASV_1404",0
"ASV_1405",0
"ASV_1406",0
"ASV_1407",0
"ASV_1408",0
"ASV_1409",0
"ASV_1410",0
"ASV_1411",0
"ASV_1412",0
"ASV_1413",0
"ASV_1414",0
"ASV_1415",0
"ASV_1416",0
"ASV_1417",0
"ASV_1418",0
"ASV_1419",0
"ASV_1420",0
"ASV_1421",0
"ASV_1422",0
"ASV_1423",0
"ASV_1424",0
"ASV_1425",0
"ASV_1426",0
"ASV_1427",0
"ASV_1428",0
"ASV_1429",0
"ASV_1430",0
"ASV_1431",0
"ASV_1432",0
"ASV_1433",0
"ASV_1434",0
"ASV_1435",0
"ASV_1436",0
"ASV_1437",0
"ASV_1438",0
"ASV_1439",0
"ASV_1440",0
"ASV_1441",0
"ASV_1442",0
"ASV_1443",0
"ASV_1444",0
"ASV_1445",0
"ASV_1446",0
"ASV_1447",0
"ASV_1448",0
"ASV_1449",0
"ASV_1450",0
"ASV_1451",0
"ASV_1452",0
"ASV_1453",0
"ASV_1454",0
"ASV_1455",0
"ASV_1456",0
"ASV_1457",0
"ASV_1458",0
"ASV_1459",0
"ASV_1460",0
"ASV_1461",0
"ASV_1462",0
"ASV_1463",0
"ASV_1464",0
"ASV_1465",0
"ASV_1466",0
"ASV_1467",0
"ASV_1468",0
"ASV_1469",0
"ASV_1470",0
"ASV_1471",0
"ASV_1472",0
"ASV_1473",0
"ASV_1474",0
"ASV_1475",0
"ASV_1476",0
"ASV_1477",0
"ASV_1478",0
"ASV_1479",0
"ASV_1480",0
"ASV_1481",0
"ASV_1482",0
"ASV_1483",0
"ASV_1484",0
"ASV_1485",0
"ASV_1486",0
"ASV_1487",0
"ASV_1488",0
"ASV_1489",0
"ASV_1490",0
"ASV_1491",0
"ASV_1492",0
"ASV_1493",0
"ASV_1494",0
"ASV_1495",0
"ASV_1496",0
"ASV_1497",0
"ASV_1498",0
"ASV_1499",0
"ASV_1500",0
"ASV_1501",0.000152753116630449
"ASV_1502",0
"ASV_1503",0
"ASV_1504",0
"ASV_1505",0
"ASV_1506",0
"ASV_1507",0
"ASV_1508",0
"ASV_1509",0
"ASV_1510",0
"ASV_1511",0
"ASV_1512",0
"ASV_1513",0
"ASV_1514",0
"ASV_1515",0
"ASV_1516",0
"ASV_1517",0
"ASV_1518",0
"ASV_1519",0
"ASV_1520",0
"ASV_1521",0
"ASV_1522",0
"ASV_1523",0
"ASV_1524",0
"ASV_1525",0
"ASV_1526",0
"ASV_1527",0
"ASV_1528",0
"ASV_1529",0
"ASV_1530",0
"ASV_1531",0
"ASV_1532",0
"ASV_1533",0
"ASV_1534",0
"ASV_1535",0
"ASV_1536",0
"ASV_1537",0
"ASV_1538",0
"ASV_1539",0
"ASV_1540",0
"ASV_1541",0
"ASV_1542",0
"ASV_1543",0
"ASV_1544",0
"ASV_1545",0
"ASV_1546",0
"ASV_1547",0
"ASV_1548",0
"ASV_1549",0
"ASV_1550",0
"ASV_1551",0
"ASV_1552",0
"ASV_1553",0
"ASV_1554",0
"ASV_1555",0
"ASV_1556",0
"ASV_1557",0
"ASV_1558",0
"ASV_1559",0
"ASV_1560",0
"ASV_1561",0
"ASV_1562",0
"ASV_1563",0
"ASV_1564",0.000219754043501195
"ASV_1565",0
"ASV_1566",0
"ASV_1567",0
"ASV_1568",0
"ASV_1569",0
"ASV_1570",0
"ASV_1571",0
"ASV_1572",0.000966327378482795
"ASV_1573",0
"ASV_1574",0
"ASV_1575",0
"ASV_1576",0
"ASV_1577",0
"ASV_1578",0
"ASV_1579",0
"ASV_1580",0
"ASV_1581",0
"ASV_1582",0
"ASV_1583",0
"ASV_1584",0
"ASV_1585",0
"ASV_1586",0
"ASV_1587",0
"ASV_1588",0
"ASV_1589",0
"ASV_1590",0
"ASV_1591",0
"ASV_1592",0
"ASV_1593",0
"ASV_1594",0
"ASV_1595",0
"ASV_1596",0
"ASV_1597",0
"ASV_1598",0
"ASV_1599",0
"ASV_1600",0
"ASV_1601",0
"ASV_1602",0
"ASV_1603",0
"ASV_1604",0
"ASV_1605",0
"ASV_1606",0
"ASV_1607",0
"ASV_1608",0
"ASV_1609",0
"ASV_1610",0
"ASV_1611",0.00036973614877417
"ASV_1612",0
"ASV_1613",0
"ASV_1614",0
"ASV_1615",0.00301818820726548
"ASV_1616",0.00069856191937898
"ASV_1617",0
"ASV_1618",0
"ASV_1619",0
"ASV_1620",0
"ASV_1621",0.000324970990042511
"ASV_1622",0.000107027950612251
"ASV_1623",0
"ASV_1624",0
"ASV_1625",0
"ASV_1626",0.000235897852156785
"ASV_1627",0
"ASV_1628",0
"ASV_1629",0
"ASV_1630",0
"ASV_1631",0
"ASV_1632",0
"ASV_1633",0
"ASV_1634",0
"ASV_1635",0
"ASV_1636",0
"ASV_1637",0.000690429461893415
"ASV_1638",0
"ASV_1639",0
"ASV_1640",0
"ASV_1641",0
"ASV_1642",0
"ASV_1643",0
"ASV_1644",0
"ASV_1645",0
"ASV_1646",0
"ASV_1647",0
"ASV_1648",0
"ASV_1649",0
"ASV_1650",0
"ASV_1651",0
"ASV_1652",0
"ASV_1653",0
"ASV_1654",0
"ASV_1655",0
"ASV_1656",0
"ASV_1657",0
"ASV_1658",0
"ASV_1659",0
"ASV_1660",0
"ASV_1661",0
"ASV_1662",0
"ASV_1663",4.29372778742757e-05
"ASV_1664",0
"ASV_1665",0
"ASV_1666",0
"ASV_1667",0
"ASV_1668",0
"ASV_1669",0
"ASV_1670",0
"ASV_1671",0
"ASV_1672",0
"ASV_1673",0
"ASV_1674",0
"ASV_1675",0
"ASV_1676",0
"ASV_1677",0
"ASV_1678",0
"ASV_1679",0
"ASV_1680",0
"ASV_1681",0
"ASV_1682",0
"ASV_1683",0
"ASV_1684",0
"ASV_1685",0
"ASV_1686",0
"ASV_1687",0
"ASV_1688",0
"ASV_1689",0
"ASV_1690",0
"ASV_1691",0
"ASV_1692",0
"ASV_1693",0
"ASV_1694",0
"ASV_1695",0
"ASV_1696",0
"ASV_1697",0
"ASV_1698",0
"ASV_1699",0
"ASV_1700",8.57159020241383e-05
"ASV_1701",0
"ASV_1702",0
"ASV_1703",0
"ASV_1704",0
"ASV_1705",0
"ASV_1706",0
"ASV_1707",0
"ASV_1708",0
"ASV_1709",0
"ASV_1710",0
"ASV_1711",0
"ASV_1712",0
"ASV_1713",0
"ASV_1714",0
"ASV_1715",0
"ASV_1716",0
"ASV_1717",0
"ASV_1718",0.000322464039332001
"ASV_1719",0
"ASV_1720",0
"ASV_1721",0
"ASV_1722",0
"ASV_1723",0
"ASV_1724",0
"ASV_1725",0
"ASV_1726",0
"ASV_1727",0
"ASV_1728",0
"ASV_1729",0
"ASV_1730",0
"ASV_1731",0
"ASV_1732",0.00120216245352619
"ASV_1733",0
"ASV_1734",0
"ASV_1735",0.00261148199493893
"ASV_1736",0
"ASV_1737",0
"ASV_1738",0
"ASV_1739",0
"ASV_1740",0
"ASV_1741",0
"ASV_1742",0
"ASV_1743",0
"ASV_1744",0
"ASV_1745",0
"ASV_1746",0
"ASV_1747",0
"ASV_1748",0
"ASV_1749",0
"ASV_1750",0
"ASV_1751",0
"ASV_1752",0
"ASV_1753",0
"ASV_1754",0
"ASV_1755",0
"ASV_1756",0
"ASV_1757",0
"ASV_1758",0
"ASV_1759",0
"ASV_1760",0
"ASV_1761",0
"ASV_1762",0
"ASV_1763",0
"ASV_1764",0
"ASV_1765",0
"ASV_1766",0
"ASV_1767",0
"ASV_1768",0
"ASV_1769",0
"ASV_1770",0.000216272741936863
"ASV_1771",0
"ASV_1772",0
"ASV_1773",0
"ASV_1774",0
"ASV_1775",0
"ASV_1776",0
"ASV_1777",0
"ASV_1778",0
"ASV_1779",0
"ASV_1780",0
"ASV_1781",0.00246164286408178
"ASV_1782",0
"ASV_1783",0
"ASV_1784",0
"ASV_1785",0
"ASV_1786",0
"ASV_1787",0
"ASV_1788",0
"ASV_1789",0
"ASV_1790",0
"ASV_1791",0
"ASV_1792",0
"ASV_1793",0
"ASV_1794",0
"ASV_1795",0
"ASV_1796",0
"ASV_1797",0
"ASV_1798",0
"ASV_1799",0
"ASV_1800",0
"ASV_1801",0
"ASV_1802",0
"ASV_1803",0.000619805367484608
"ASV_1804",0
"ASV_1805",0
"ASV_1806",0
"ASV_1807",0
"ASV_1808",0
"ASV_1809",0
"ASV_1810",0
"ASV_1811",0
"ASV_1812",0
"ASV_1813",0
"ASV_1814",0
"ASV_1815",0
"ASV_1816",0
"ASV_1817",0
"ASV_1818",0
"ASV_1819",0
"ASV_1820",0
"ASV_1821",0
"ASV_1822",0
"ASV_1823",0
"ASV_1824",0
"ASV_1825",0
"ASV_1826",0
"ASV_1827",0
"ASV_1828",0
"ASV_1829",0
"ASV_1830",0
"ASV_1831",0
"ASV_1832",0
"ASV_1833",0
"ASV_1834",0
"ASV_1835",0
"ASV_1836",0
"ASV_1837",0
"ASV_1838",0
"ASV_1839",0
"ASV_1840",0
"ASV_1841",0
"ASV_1842",0
"ASV_1843",0
"ASV_1844",0
"ASV_1845",0
"ASV_1846",0
"ASV_1847",0
"ASV_1848",0
"ASV_1849",0.000388946706815521
"ASV_1850",0
"ASV_1851",0
"ASV_1852",0
"ASV_1853",0
"ASV_1854",0
"ASV_1855",0
"ASV_1856",0
"ASV_1857",0
"ASV_1858",0
"ASV_1859",0
"ASV_1860",0
"ASV_1861",0
"ASV_1862",0
"ASV_1863",0
"ASV_1864",0
"ASV_1865",0
"ASV_1866",0
"ASV_1867",0
"ASV_1868",0
"ASV_1869",0
"ASV_1870",0
"ASV_1871",0
"ASV_1872",0
"ASV_1873",0
"ASV_1874",0
"ASV_1875",0
"ASV_1876",0
"ASV_1877",0
"ASV_1878",0.00062676344235262
"ASV_1879",0
"ASV_1880",0
"ASV_1881",0
"ASV_1882",0
"ASV_1883",0
"ASV_1884",0
"ASV_1885",0
"ASV_1886",0
"ASV_1887",0
"ASV_1888",0
"ASV_1889",0
"ASV_1890",0
"ASV_1891",0
"ASV_1892",0
"ASV_1893",0
"ASV_1894",0
"ASV_1895",0
"ASV_1896",0
"ASV_1897",0
"ASV_1898",0
"ASV_1899",0
"ASV_1900",0
"ASV_1901",0
"ASV_1902",0.000196493474529743
"ASV_1903",0
"ASV_1904",0
"ASV_1905",0
"ASV_1906",0
"ASV_1907",0
"ASV_1908",0
"ASV_1909",0
"ASV_1910",0
"ASV_1911",0
"ASV_1912",0
"ASV_1913",0
"ASV_1914",0
"ASV_1915",0
"ASV_1916",0
"ASV_1917",0
"ASV_1918",0
"ASV_1919",0
"ASV_1920",0
"ASV_1921",0
"ASV_1922",0
"ASV_1923",0
"ASV_1924",0
"ASV_1925",0
"ASV_1926",0
"ASV_1927",0
"ASV_1928",0
"ASV_1929",0
"ASV_1930",0
"ASV_1931",0
"ASV_1932",0
"ASV_1933",4.28445386070747e-05
"ASV_1934",0
"ASV_1935",0.000332407016346353
"ASV_1936",0
"ASV_1937",0.000109814755364935
"ASV_1938",0
"ASV_1939",0
"ASV_1940",0
"ASV_1941",0
"ASV_1942",0
"ASV_1943",0
"ASV_1944",0
"ASV_1945",0
"ASV_1946",0
"ASV_1947",0
"ASV_1948",6.44634258681438e-05
"ASV_1949",0
"ASV_1950",0
"ASV_1951",0
"ASV_1952",0
"ASV_1953",0
"ASV_1954",0
"ASV_1955",0
"ASV_1956",0
"ASV_1957",0
"ASV_1958",0
"ASV_1959",0
"ASV_1960",0
"ASV_1961",0
"ASV_1962",0
"ASV_1963",0
"ASV_1964",0
"ASV_1965",0
"ASV_1966",0
"ASV_1967",0
"ASV_1968",0
"ASV_1969",0
"ASV_1970",0
"ASV_1971",0
"ASV_1972",0
"ASV_1973",0
"ASV_1974",0
"ASV_1975",0
"ASV_1976",0.00015281189066911
"ASV_1977",0
"ASV_1978",0
"ASV_1979",0.00199071988138787
"ASV_1980",0
"ASV_1981",0
"ASV_1982",0
"ASV_1983",0
"ASV_1984",0
"ASV_1985",0
"ASV_1986",0
"ASV_1987",0
"ASV_1988",0
"ASV_1989",0
"ASV_1990",0
"ASV_1991",0
"ASV_1992",0
"ASV_1993",0.00196931429126542
"ASV_1994",0
"ASV_1995",0
"ASV_1996",0
"ASV_1997",0
"ASV_1998",0
"ASV_1999",0
"ASV_2000",0
"ASV_2001",0
"ASV_2002",0
"ASV_2003",0
"ASV_2004",0
"ASV_2005",0
"ASV_2006",0
"ASV_2007",0
"ASV_2008",0
"ASV_2009",0
"ASV_2010",0
"ASV_2011",0
"ASV_2012",0
"ASV_2013",0
"ASV_2014",0
"ASV_2015",0
"ASV_2016",0
"ASV_2017",0
"ASV_2018",0
"ASV_2019",0
"ASV_2020",0
"ASV_2021",0
"ASV_2022",0.000107914311228862
"ASV_2023",0
"ASV_2024",0
"ASV_2025",0
"ASV_2026",0
"ASV_2027",0
"ASV_2028",0
"ASV_2029",0
"ASV_2030",0
"ASV_2031",0
"ASV_2032",0
"ASV_2033",0
"ASV_2034",0
"ASV_2035",0
"ASV_2036",0
"ASV_2037",0
"ASV_2038",0
"ASV_2039",0
"ASV_2040",0
"ASV_2041",0
"ASV_2042",0
"ASV_2043",0
"ASV_2044",0.00081299091032491
"ASV_2045",0
"ASV_2046",0
"ASV_2047",0
"ASV_2048",0
"ASV_2049",0
"ASV_2050",0
"ASV_2051",0
"ASV_2052",0
"ASV_2053",0
"ASV_2054",0
"ASV_2055",0
"ASV_2056",0
"ASV_2057",0
"ASV_2058",0
"ASV_2059",0
"ASV_2060",0
"ASV_2061",0
"ASV_2062",0
"ASV_2063",0
"ASV_2064",0
"ASV_2065",0
"ASV_2066",0
"ASV_2067",0
"ASV_2068",6.53049701513778e-05
"ASV_2069",0
"ASV_2070",0
"ASV_2071",0
"ASV_2072",0
"ASV_2073",0
"ASV_2074",0
"ASV_2075",0
"ASV_2076",0
"ASV_2077",0
"ASV_2078",0
"ASV_2079",0
"ASV_2080",0
"ASV_2081",0
"ASV_2082",0
"ASV_2083",0
"ASV_2084",0
"ASV_2085",0
"ASV_2086",0
"ASV_2087",0
"ASV_2088",0
"ASV_2089",0
"ASV_2090",0
"ASV_2091",0
"ASV_2092",0
"ASV_2093",0
"ASV_2094",0
"ASV_2095",0
"ASV_2096",6.42668079103619e-05
"ASV_2097",0
"ASV_2098",0
"ASV_2099",0
"ASV_2100",0
"ASV_2101",0
"ASV_2102",0
"ASV_2103",0
"ASV_2104",0
"ASV_2105",0
"ASV_2106",0
"ASV_2107",0
"ASV_2108",0.00012934364348861
"ASV_2109",0
"ASV_2110",0
"ASV_2111",0
"ASV_2112",0
"ASV_2113",0
"ASV_2114",0
"ASV_2115",0
"ASV_2116",0
"ASV_2117",0
"ASV_2118",0
"ASV_2119",0
"ASV_2120",0
"ASV_2121",0
"ASV_2122",0
"ASV_2123",0
"ASV_2124",0
"ASV_2125",0
"ASV_2126",0
"ASV_2127",0
"ASV_2128",0
"ASV_2129",0
"ASV_2130",0
"ASV_2131",0
"ASV_2132",0
"ASV_2133",0
"ASV_2134",0
"ASV_2135",0
"ASV_2136",0
"ASV_2137",0
"ASV_2138",0
"ASV_2139",0.000214454438429686
"ASV_2140",0
"ASV_2141",0
"ASV_2142",0
"ASV_2143",0
"ASV_2144",0
"ASV_2145",0
"ASV_2146",0
"ASV_2147",0
"ASV_2148",0
"ASV_2149",0
"ASV_2150",0
"ASV_2151",0
"ASV_2152",0
"ASV_2153",0
"ASV_2154",0
"ASV_2155",0
"ASV_2156",0
"ASV_2157",0
"ASV_2158",0
"ASV_2159",0
"ASV_2160",0
"ASV_2161",0
"ASV_2162",0
"ASV_2163",0
"ASV_2164",0
"ASV_2165",0
"ASV_2166",0
"ASV_2167",0
"ASV_2168",0
"ASV_2169",0
"ASV_2170",0
"ASV_2171",0
"ASV_2172",0
"ASV_2173",0
"ASV_2174",0
"ASV_2175",0
"ASV_2176",0
"ASV_2177",0
"ASV_2178",0
"ASV_2179",0
"ASV_2180",0
"ASV_2181",0.000194245759811811
"ASV_2182",0
"ASV_2183",0
"ASV_2184",0
"ASV_2185",0
"ASV_2186",0
"ASV_2187",0
"ASV_2188",0
"ASV_2189",0
"ASV_2190",0
"ASV_2191",0
"ASV_2192",0
"ASV_2193",0
"ASV_2194",0
"ASV_2195",0
"ASV_2196",0
"ASV_2197",0
"ASV_2198",0
"ASV_2199",0
"ASV_2200",0
"ASV_2201",0
"ASV_2202",0
"ASV_2203",0
"ASV_2204",0
"ASV_2205",0
"ASV_2206",0
"ASV_2207",0
"ASV_2208",0
"ASV_2209",0
"ASV_2210",0
"ASV_2211",0
"ASV_2212",0
"ASV_2213",0
"ASV_2214",0
"ASV_2215",0
"ASV_2216",0
"ASV_2217",0
"ASV_2218",8.58411820836511e-05
"ASV_2219",0.0004766811773201
"ASV_2220",0
"ASV_2221",0
"ASV_2222",0
"ASV_2223",0
"ASV_2224",0
"ASV_2225",0
"ASV_2226",0
"ASV_2227",0
"ASV_2228",0
"ASV_2229",0
"ASV_2230",0
"ASV_2231",0
"ASV_2232",0
"ASV_2233",0
"ASV_2234",0
"ASV_2235",0
"ASV_2236",0
"ASV_2237",0
"ASV_2238",0
"ASV_2239",0
"ASV_2240",0
"ASV_2241",0
"ASV_2242",0
"ASV_2243",0
"ASV_2244",0
"ASV_2245",6.46627349817508e-05
"ASV_2246",0
"ASV_2247",0
"ASV_2248",0
"ASV_2249",0
"ASV_2250",0
"ASV_2251",0
"ASV_2252",0
"ASV_2253",0
"ASV_2254",0
"ASV_2255",0
"ASV_2256",0
"ASV_2257",0
"ASV_2258",0
"ASV_2259",0
"ASV_2260",0
"ASV_2261",0
"ASV_2262",0
"ASV_2263",0
"ASV_2264",0
"ASV_2265",0
"ASV_2266",0
"ASV_2267",0
"ASV_2268",0
"ASV_2269",0
"ASV_2270",0
"ASV_2271",0
"ASV_2272",0
"ASV_2273",0
"ASV_2274",0
"ASV_2275",0
"ASV_2276",0
"ASV_2277",0
"ASV_2278",0
"ASV_2279",0
"ASV_2280",0
"ASV_2281",0
"ASV_2282",0
"ASV_2283",0
"ASV_2284",0
"ASV_2285",0
"ASV_2286",0
"ASV_2287",0.000493959079776292
"ASV_2288",0.000627063859866174
"ASV_2289",0
"ASV_2290",0
"ASV_2291",0
"ASV_2292",0
"ASV_2293",0
"ASV_2294",0
"ASV_2295",0
"ASV_2296",0
"ASV_2297",0
"ASV_2298",0
"ASV_2299",0
"ASV_2300",0
"ASV_2301",0
"ASV_2302",0
"ASV_2303",0
"ASV_2304",0
"ASV_2305",0
"ASV_2306",0
"ASV_2307",0
"ASV_2308",0
"ASV_2309",0
"ASV_2310",0
"ASV_2311",0.000342853766097818
"ASV_2312",0.000493585097151303
"ASV_2313",0
"ASV_2314",0
"ASV_2315",0.00141276894808172
"ASV_2316",0
"ASV_2317",0
"ASV_2318",0
"ASV_2319",6.46622268190273e-05
"ASV_2320",0
"ASV_2321",0
"ASV_2322",0
"ASV_2323",0
"ASV_2324",0
"ASV_2325",0
"ASV_2326",0
"ASV_2327",0
"ASV_2328",0
"ASV_2329",0
"ASV_2330",0
"ASV_2331",0
"ASV_2332",0
"ASV_2333",0
"ASV_2334",0
"ASV_2335",0
"ASV_2336",0
"ASV_2337",0
"ASV_2338",0
"ASV_2339",0
"ASV_2340",0
"ASV_2341",0
"ASV_2342",0
"ASV_2343",0
"ASV_2344",0
"ASV_2345",0
"ASV_2346",0
"ASV_2347",0
"ASV_2348",0
"ASV_2349",0
"ASV_2350",0
"ASV_2351",0
"ASV_2352",0
"ASV_2353",0
"ASV_2354",0
"ASV_2355",6.44332610807257e-05
"ASV_2356",0
"ASV_2357",0
"ASV_2358",0
"ASV_2359",0
"ASV_2360",0
"ASV_2361",0
"ASV_2362",0
"ASV_2363",0
"ASV_2364",0
"ASV_2365",0
"ASV_2366",0
"ASV_2367",0
"ASV_2368",0
"ASV_2369",0
"ASV_2370",0
"ASV_2371",0
"ASV_2372",4.29335543454175e-05
"ASV_2373",0
"ASV_2374",0
"ASV_2375",0
"ASV_2376",0
"ASV_2377",0
"ASV_2378",0
"ASV_2379",0
"ASV_2380",0
"ASV_2381",0
"ASV_2382",0
"ASV_2383",0
"ASV_2384",0
"ASV_2385",0
"ASV_2386",0
"ASV_2387",0
"ASV_2388",0
"ASV_2389",0
"ASV_2390",0
"ASV_2391",0
"ASV_2392",0
"ASV_2393",0
"ASV_2394",0
"ASV_2395",0
"ASV_2396",0
"ASV_2397",0
"ASV_2398",0
"ASV_2399",0
"ASV_2400",0
"ASV_2401",0
"ASV_2402",0
"ASV_2403",0
"ASV_2404",0
"ASV_2405",0.00128433540734701
"ASV_2406",0
"ASV_2407",0
"ASV_2408",0
"ASV_2409",0
"ASV_2410",0
"ASV_2411",0
"ASV_2412",0
"ASV_2413",0
"ASV_2414",0
"ASV_2415",0
"ASV_2416",0
"ASV_2417",0
"ASV_2418",0.000194436383083315
"ASV_2419",0
"ASV_2420",0
"ASV_2421",0
"ASV_2422",0
"ASV_2423",0
"ASV_2424",0
"ASV_2425",0
"ASV_2426",0
"ASV_2427",0
"ASV_2428",0
"ASV_2429",0
"ASV_2430",0
"ASV_2431",0
"ASV_2432",0
"ASV_2433",0
"ASV_2434",0
"ASV_2435",0
"ASV_2436",0
"ASV_2437",0
"ASV_2438",0
"ASV_2439",0
"ASV_2440",0
"ASV_2441",0
"ASV_2442",0
"ASV_2443",0
"ASV_2444",0
"ASV_2445",0
"ASV_2446",0
"ASV_2447",0
"ASV_2448",0
"ASV_2449",0.000321471393888285
"ASV_2450",0
"ASV_2451",0
"ASV_2452",0
"ASV_2453",0
"ASV_2454",0
"ASV_2455",0
"ASV_2456",0
"ASV_2457",0
"ASV_2458",0
"ASV_2459",0
"ASV_2460",0
"ASV_2461",0
"ASV_2462",0
"ASV_2463",0
"ASV_2464",0
"ASV_2465",0
"ASV_2466",0
"ASV_2467",0
"ASV_2468",0
"ASV_2469",0
"ASV_2470",0
"ASV_2471",0
"ASV_2472",0
"ASV_2473",0
"ASV_2474",0
"ASV_2475",0
"ASV_2476",0
"ASV_2477",0
"ASV_2478",0
"ASV_2479",0
"ASV_2480",0
"ASV_2481",0
"ASV_2482",0
"ASV_2483",0
"ASV_2484",0
"ASV_2485",0
"ASV_2486",0
"ASV_2487",0
"ASV_2488",0
"ASV_2489",0
"ASV_2490",0
"ASV_2491",0
"ASV_2492",0
"ASV_2493",0
"ASV_2494",0
"ASV_2495",0
"ASV_2496",0
"ASV_2497",0
"ASV_2498",0
"ASV_2499",0
"ASV_2500",0
"ASV_2501",0
"ASV_2502",0
"ASV_2503",0
"ASV_2504",0
"ASV_2505",0
"ASV_2506",0
"ASV_2507",0
"ASV_2508",0
"ASV_2509",0
"ASV_2510",0
"ASV_2511",0
"ASV_2512",0
"ASV_2513",0
"ASV_2514",0
"ASV_2515",0
"ASV_2516",0
"ASV_2517",0
"ASV_2518",0
"ASV_2519",0
"ASV_2520",0
"ASV_2521",0
"ASV_2522",0
"ASV_2523",0
"ASV_2524",0
"ASV_2525",0
"ASV_2526",0
"ASV_2527",0
"ASV_2528",0
"ASV_2529",0
"ASV_2530",0
"ASV_2531",0
"ASV_2532",0
"ASV_2533",0
"ASV_2534",0
"ASV_2535",0
"ASV_2536",0
"ASV_2537",0
"ASV_2538",0
"ASV_2539",0
"ASV_2540",0
"ASV_2541",0
"ASV_2542",0
"ASV_2543",0
"ASV_2544",0
"ASV_2545",0
"ASV_2546",0
"ASV_2547",0
"ASV_2548",0
"ASV_2549",0
"ASV_2550",0
"ASV_2551",0
"ASV_2552",0
"ASV_2553",0
"ASV_2554",0
"ASV_2555",0
"ASV_2556",0
"ASV_2557",0
"ASV_2558",0
"ASV_2559",0
"ASV_2560",0
"ASV_2561",0
"ASV_2562",0.000129380961668335
"ASV_2563",0
"ASV_2564",0
"ASV_2565",6.50019799946011e-05
"ASV_2566",0
"ASV_2567",0
"ASV_2568",0
"ASV_2569",0
"ASV_2570",0
"ASV_2571",0
"ASV_2572",0
"ASV_2573",0
"ASV_2574",0
"ASV_2575",0
"ASV_2576",0
"ASV_2577",0
"ASV_2578",0
"ASV_2579",0
"ASV_2580",0
"ASV_2581",0
"ASV_2582",0
"ASV_2583",0
"ASV_2584",0
"ASV_2585",0
"ASV_2586",0
"ASV_2587",0
"ASV_2588",0
"ASV_2589",0
"ASV_2590",0
"ASV_2591",0
"ASV_2592",0
"ASV_2593",0
"ASV_2594",0
"ASV_2595",0
"ASV_2596",0
"ASV_2597",0
"ASV_2598",0
"ASV_2599",0
"ASV_2600",0
"ASV_2601",0
"ASV_2602",0
"ASV_2603",0
"ASV_2604",0
"ASV_2605",0
"ASV_2606",0
"ASV_2607",0
"ASV_2608",0
"ASV_2609",0
"ASV_2610",0
"ASV_2611",0
"ASV_2612",0
"ASV_2613",0
"ASV_2614",0
"ASV_2615",0
"ASV_2616",0
"ASV_2617",0
"ASV_2618",0
"ASV_2619",0
"ASV_2620",0
"ASV_2621",0
"ASV_2622",0
"ASV_2623",0
"ASV_2624",0
"ASV_2625",0
"ASV_2626",0
"ASV_2627",0
"ASV_2628",0
"ASV_2629",0
"ASV_2630",0
"ASV_2631",0
"ASV_2632",0
"ASV_2633",0
"ASV_2634",0
"ASV_2635",0
"ASV_2636",0
"ASV_2637",0
"ASV_2638",0
"ASV_2639",0
"ASV_2640",0
"ASV_2641",0
"ASV_2642",0
"ASV_2643",0
"ASV_2644",0
"ASV_2645",0
"ASV_2646",0
"ASV_2647",0
"ASV_2648",0
"ASV_2649",0.000409181398705127
"ASV_2650",0
"ASV_2651",0
"ASV_2652",0
"ASV_2653",0
"ASV_2654",0
"ASV_2655",0
"ASV_2656",0
"ASV_2657",8.60873686955016e-05
"ASV_2658",0
"ASV_2659",0
"ASV_2660",0
"ASV_2661",0
"ASV_2662",0
"ASV_2663",0
"ASV_2664",0
"ASV_2665",0
"ASV_2666",0
"ASV_2667",0
"ASV_2668",6.43757898157513e-05
"ASV_2669",0
"ASV_2670",0
"ASV_2671",0
"ASV_2672",0
"ASV_2673",0
"ASV_2674",0
"ASV_2675",0
"ASV_2676",0
"ASV_2677",0
"ASV_2678",0
"ASV_2679",0
"ASV_2680",0
"ASV_2681",0
"ASV_2682",0
"ASV_2683",0
"ASV_2684",0
"ASV_2685",0
"ASV_2686",0
"ASV_2687",0
"ASV_2688",0
"ASV_2689",0
"ASV_2690",0
"ASV_2691",0
"ASV_2692",0
"ASV_2693",0
"ASV_2694",0
"ASV_2695",0
"ASV_2696",0
"ASV_2697",0
"ASV_2698",0
"ASV_2699",0
"ASV_2700",0
"ASV_2701",0
"ASV_2702",0
"ASV_2703",0
"ASV_2704",0
"ASV_2705",0
"ASV_2706",0
"ASV_2707",0
"ASV_2708",0
"ASV_2709",0
"ASV_2710",0
"ASV_2711",0
"ASV_2712",0
"ASV_2713",0
"ASV_2714",0.000343992884521485
"ASV_2715",0
"ASV_2716",0
"ASV_2717",0
"ASV_2718",0
"ASV_2719",0
"ASV_2720",0
"ASV_2721",0
"ASV_2722",0
"ASV_2723",0
"ASV_2724",0
"ASV_2725",0
"ASV_2726",0
"ASV_2727",0
"ASV_2728",0.000178488199353825
"ASV_2729",0
"ASV_2730",0
"ASV_2731",0
"ASV_2732",0
"ASV_2733",0
"ASV_2734",0
"ASV_2735",0
"ASV_2736",0
"ASV_2737",0
"ASV_2738",0
"ASV_2739",0
"ASV_2740",0
"ASV_2741",0
"ASV_2742",0
"ASV_2743",0
"ASV_2744",0
"ASV_2745",0
"ASV_2746",0
"ASV_2747",0.00089903478514291
"ASV_2748",0.00049250992649878
"ASV_2749",0
"ASV_2750",0.000130046993334903
"ASV_2751",0
"ASV_2752",0
"ASV_2753",0
"ASV_2754",0
"ASV_2755",0
"ASV_2756",0
"ASV_2757",0
"ASV_2758",0.00089903478514291
"ASV_2759",0
"ASV_2760",0
"ASV_2761",0
"ASV_2762",0
"ASV_2763",0
"ASV_2764",0
"ASV_2765",0
"ASV_2766",0
"ASV_2767",0
"ASV_2768",0
"ASV_2769",0
"ASV_2770",0
"ASV_2771",8.60038824520431e-05
"ASV_2772",0
"ASV_2773",0
"ASV_2774",0
"ASV_2775",0
"ASV_2776",0
"ASV_2777",0
"ASV_2778",0
"ASV_2779",0
"ASV_2780",0
"ASV_2781",0
"ASV_2782",0
"ASV_2783",0
"ASV_2784",0
"ASV_2785",0
"ASV_2786",0
"ASV_2787",0
"ASV_2788",0
"ASV_2789",0
"ASV_2790",0
"ASV_2791",0
"ASV_2792",0
"ASV_2793",0
"ASV_2794",0
"ASV_2795",0
"ASV_2796",0
"ASV_2797",0
"ASV_2798",0
"ASV_2799",0
"ASV_2800",0
"ASV_2801",0
"ASV_2802",0.00085622360489801
"ASV_2803",0
"ASV_2804",0
"ASV_2805",0
"ASV_2806",0
"ASV_2807",0
"ASV_2808",0
"ASV_2809",0
"ASV_2810",0
"ASV_2811",0
"ASV_2812",0.000301195114423565
"ASV_2813",0
"ASV_2814",0
"ASV_2815",0
"ASV_2816",0
"ASV_2817",0
"ASV_2818",0
"ASV_2819",0
"ASV_2820",0
"ASV_2821",0
"ASV_2822",0
"ASV_2823",0
"ASV_2824",0
"ASV_2825",0
"ASV_2826",0
"ASV_2827",0
"ASV_2828",0
"ASV_2829",0
"ASV_2830",0
"ASV_2831",0
"ASV_2832",0
"ASV_2833",0
"ASV_2834",0
"ASV_2835",0
"ASV_2836",0
"ASV_2837",0
"ASV_2838",0
"ASV_2839",0
"ASV_2840",0
"ASV_2841",0
"ASV_2842",0
"ASV_2843",0
"ASV_2844",0.000471437460874794
"ASV_2845",0
"ASV_2846",0
"ASV_2847",0
"ASV_2848",0
"ASV_2849",0
"ASV_2850",0
"ASV_2851",0
"ASV_2852",0
"ASV_2853",0
"ASV_2854",0.000813412424653109
"ASV_2855",0
"ASV_2856",0
"ASV_2857",0
"ASV_2858",0
"ASV_2859",0
"ASV_2860",0
"ASV_2861",0
"ASV_2862",0.0001099148530197
"ASV_2863",0
"ASV_2864",0
"ASV_2865",0
"ASV_2866",0
"ASV_2867",0
"ASV_2868",0
"ASV_2869",0
"ASV_2870",0
"ASV_2871",0.000236044563754259
"ASV_2872",0
"ASV_2873",0
"ASV_2874",0.000792006834530659
"ASV_2875",0
"ASV_2876",0
"ASV_2877",0
"ASV_2878",0
"ASV_2879",0.000279567262876471
"ASV_2880",0
"ASV_2881",0.000128640349941402
"ASV_2882",0
"ASV_2883",0
"ASV_2884",0
"ASV_2885",0
"ASV_2886",0
"ASV_2887",0.000650061856057184
"ASV_2888",0
"ASV_2889",0
"ASV_2890",0
"ASV_2891",0
"ASV_2892",0
"ASV_2893",0
"ASV_2894",0
"ASV_2895",0
"ASV_2896",0
"ASV_2897",0
"ASV_2898",0
"ASV_2899",0
"ASV_2900",0
"ASV_2901",0
"ASV_2902",0
"ASV_2903",0
"ASV_2904",0
"ASV_2905",0
"ASV_2906",8.626755859463e-05
"ASV_2907",8.57593697250775e-05
"ASV_2908",0
"ASV_2909",0
"ASV_2910",0
"ASV_2911",0
"ASV_2912",0
"ASV_2913",0
"ASV_2914",0
"ASV_2915",0
"ASV_2916",0
"ASV_2917",0
"ASV_2918",0
"ASV_2919",0
"ASV_2920",0
"ASV_2921",0.000749195654285759
"ASV_2922",0
"ASV_2923",0
"ASV_2924",0
"ASV_2925",0
"ASV_2926",0
"ASV_2927",0
"ASV_2928",0
"ASV_2929",0
"ASV_2930",0
"ASV_2931",0
"ASV_2932",0
"ASV_2933",0
"ASV_2934",0
"ASV_2935",0
"ASV_2936",0
"ASV_2937",0
"ASV_2938",0
"ASV_2939",0
"ASV_2940",0
"ASV_2941",0
"ASV_2942",0.000240823514714636
"ASV_2943",0
"ASV_2944",0.000727790064163308
"ASV_2945",0
"ASV_2946",0
"ASV_2947",0
"ASV_2948",0
"ASV_2949",0
"ASV_2950",0
"ASV_2951",0
"ASV_2952",0
"ASV_2953",0
"ASV_2954",0
"ASV_2955",0
"ASV_2956",0
"ASV_2957",0
"ASV_2958",0
"ASV_2959",0
"ASV_2960",0
"ASV_2961",0
"ASV_2962",0
"ASV_2963",0
"ASV_2964",0
"ASV_2965",0
"ASV_2966",0
"ASV_2967",0
"ASV_2968",0
"ASV_2969",0
"ASV_2970",0
"ASV_2971",0.000527110476535503
"ASV_2972",0
"ASV_2973",0
"ASV_2974",0
"ASV_2975",0
"ASV_2976",0
"ASV_2977",0
"ASV_2978",0
"ASV_2979",0
"ASV_2980",0
"ASV_2981",0
"ASV_2982",0
"ASV_2983",0
"ASV_2984",0
"ASV_2985",0
"ASV_2986",0
"ASV_2987",0
"ASV_2988",0
"ASV_2989",0
"ASV_2990",0
"ASV_2991",0
"ASV_2992",0
"ASV_2993",0
"ASV_2994",0
"ASV_2995",0
"ASV_2996",0
"ASV_2997",0
"ASV_2998",8.60916794518303e-05
"ASV_2999",0.000193482384153697
"ASV_3000",0
"ASV_3001",0
"ASV_3002",0
"ASV_3003",0
"ASV_3004",0
"ASV_3005",0
"ASV_3006",0
"ASV_3007",0
"ASV_3008",0
"ASV_3009",0
"ASV_3010",0
"ASV_3011",0
"ASV_3012",0.000684978883918408
"ASV_3013",0.000684978883918408
"ASV_3014",0
"ASV_3015",0
"ASV_3016",0
"ASV_3017",0
"ASV_3018",0
"ASV_3019",0
"ASV_3020",0
"ASV_3021",0
"ASV_3022",0
"ASV_3023",0
"ASV_3024",0
"ASV_3025",0
"ASV_3026",0
"ASV_3027",0
"ASV_3028",0
"ASV_3029",0
"ASV_3030",0
"ASV_3031",0
"ASV_3032",0.00021659976573782
"ASV_3033",0
"ASV_3034",0
"ASV_3035",0
"ASV_3036",0
"ASV_3037",0
"ASV_3038",0
"ASV_3039",0
"ASV_3040",0
"ASV_3041",0.000663573293795958
"ASV_3042",0
"ASV_3043",0
"ASV_3044",0
"ASV_3045",0
"ASV_3046",0
"ASV_3047",0.000129056239726048
"ASV_3048",0
"ASV_3049",0
"ASV_3050",0
"ASV_3051",0
"ASV_3052",0
"ASV_3053",0
"ASV_3054",0
"ASV_3055",0
"ASV_3056",0
"ASV_3057",0
"ASV_3058",0
"ASV_3059",0
"ASV_3060",0
"ASV_3061",0
"ASV_3062",0
"ASV_3063",0
"ASV_3064",0
"ASV_3065",0.000172311704757585
"ASV_3066",0
"ASV_3067",0.000642167703673507
"ASV_3068",0
"ASV_3069",0
"ASV_3070",0.000642167703673507
"ASV_3071",0
"ASV_3072",0
"ASV_3073",0
"ASV_3074",0
"ASV_3075",0
"ASV_3076",0
"ASV_3077",0
"ASV_3078",0
"ASV_3079",0
"ASV_3080",0
"ASV_3081",0
"ASV_3082",0
"ASV_3083",0
"ASV_3084",0
"ASV_3085",0
"ASV_3086",0
"ASV_3087",0
"ASV_3088",0
"ASV_3089",0
"ASV_3090",0
"ASV_3091",0
"ASV_3092",0
"ASV_3093",0
"ASV_3094",0
"ASV_3095",0
"ASV_3096",0
"ASV_3097",0
"ASV_3098",0
"ASV_3099",0
"ASV_3100",0
"ASV_3101",0
"ASV_3102",0
"ASV_3103",0
"ASV_3104",0
"ASV_3105",0
"ASV_3106",0
"ASV_3107",0
"ASV_3108",0
"ASV_3109",0
"ASV_3110",0.000620762113551057
"ASV_3111",0
"ASV_3112",0
"ASV_3113",0
"ASV_3114",0
"ASV_3115",0
"ASV_3116",0
"ASV_3117",0
"ASV_3118",0
"ASV_3119",0
"ASV_3120",0
"ASV_3121",0
"ASV_3122",0
"ASV_3123",0
"ASV_3124",0
"ASV_3125",0
"ASV_3126",0
"ASV_3127",0
"ASV_3128",0
"ASV_3129",0
"ASV_3130",0
"ASV_3131",0
"ASV_3132",0
"ASV_3133",0
"ASV_3134",0.000599356523428607
"ASV_3135",0
"ASV_3136",0
"ASV_3137",0
"ASV_3138",0
"ASV_3139",0
"ASV_3140",0
"ASV_3141",0
"ASV_3142",0
"ASV_3143",0
"ASV_3144",0
"ASV_3145",0
"ASV_3146",0
"ASV_3147",0
"ASV_3148",0
"ASV_3149",0
"ASV_3150",0
"ASV_3151",0
"ASV_3152",0
"ASV_3153",0
"ASV_3154",0.000214980426567592
"ASV_3155",0
"ASV_3156",0
"ASV_3157",0
"ASV_3158",0
"ASV_3159",0
"ASV_3160",0
"ASV_3161",0
"ASV_3162",0
"ASV_3163",0.000577950933306157
"ASV_3164",0
"ASV_3165",0
"ASV_3166",0
"ASV_3167",0.000556545343183706
"ASV_3168",0
"ASV_3169",0
"ASV_3170",0
"ASV_3171",0
"ASV_3172",0
"ASV_3173",0
"ASV_3174",0
"ASV_3175",0
"ASV_3176",0.000322470638251037
"ASV_3177",0
"ASV_3178",0
"ASV_3179",0
"ASV_3180",0
"ASV_3181",0
"ASV_3182",0
"ASV_3183",0
"ASV_3184",0
"ASV_3185",0
"ASV_3186",0
"ASV_3187",0
"ASV_3188",0
"ASV_3189",0
"ASV_3190",0.000556545343183706
"ASV_3191",0
"ASV_3192",0
"ASV_3193",0
"ASV_3194",0
"ASV_3195",0
"ASV_3196",0
"ASV_3197",0
"ASV_3198",0
"ASV_3199",0
"ASV_3200",0
"ASV_3201",0
"ASV_3202",0
"ASV_3203",0
"ASV_3204",0
"ASV_3205",0
"ASV_3206",0
"ASV_3207",0
"ASV_3208",0
"ASV_3209",0
"ASV_3210",0
"ASV_3211",0
"ASV_3212",0
"ASV_3213",0
"ASV_3214",0
"ASV_3215",0
"ASV_3216",0
"ASV_3217",0.000535139753061256
"ASV_3218",0.000535139753061256
"ASV_3219",0
"ASV_3220",0
"ASV_3221",0
"ASV_3222",0
"ASV_3223",0
"ASV_3224",0
"ASV_3225",0
"ASV_3226",0
"ASV_3227",0
"ASV_3228",0
"ASV_3229",0
"ASV_3230",0
"ASV_3231",0
"ASV_3232",0
"ASV_3233",0
"ASV_3234",0
"ASV_3235",0
"ASV_3236",0
"ASV_3237",0.000171626891483799
"ASV_3238",0
"ASV_3239",0
"ASV_3240",0
"ASV_3241",0
"ASV_3242",0
"ASV_3243",0
"ASV_3244",0
"ASV_3245",0
"ASV_3246",0
"ASV_3247",0
"ASV_3248",0
"ASV_3249",0
"ASV_3250",0.000107039533085016
"ASV_3251",0
"ASV_3252",0.000513734162938806
"ASV_3253",0
"ASV_3254",0
"ASV_3255",0
"ASV_3256",0
"ASV_3257",0
"ASV_3258",0
"ASV_3259",0
"ASV_3260",0
"ASV_3261",0
"ASV_3262",0
"ASV_3263",0
"ASV_3264",0
"ASV_3265",0
"ASV_3266",0
"ASV_3267",0
"ASV_3268",0.000513734162938806
"ASV_3269",0.000513734162938806
"ASV_3270",0
"ASV_3271",0
"ASV_3272",0
"ASV_3273",0
"ASV_3274",0
"ASV_3275",0
"ASV_3276",0
"ASV_3277",0
"ASV_3278",0
"ASV_3279",0
"ASV_3280",0
"ASV_3281",0.000171965801073538
"ASV_3282",0
"ASV_3283",0
"ASV_3284",0
"ASV_3285",0
"ASV_3286",0
"ASV_3287",0
"ASV_3288",0
"ASV_3289",0
"ASV_3290",4.2853937248679e-05
"ASV_3291",0
"ASV_3292",0
"ASV_3293",0
"ASV_3294",0
"ASV_3295",0
"ASV_3296",0
"ASV_3297",0
"ASV_3298",0
"ASV_3299",0
"ASV_3300",0
"ASV_3301",0
"ASV_3302",0
"ASV_3303",0
"ASV_3304",0
"ASV_3305",0
"ASV_3306",0
"ASV_3307",0.000492328572816356
"ASV_3308",0
"ASV_3309",0
"ASV_3310",0.000492328572816356
"ASV_3311",0
"ASV_3312",0
"ASV_3313",0
"ASV_3314",0
"ASV_3315",0
"ASV_3316",0
"ASV_3317",0
"ASV_3318",0
"ASV_3319",0
"ASV_3320",0
"ASV_3321",0
"ASV_3322",0
"ASV_3323",0
"ASV_3324",0
"ASV_3325",0
"ASV_3326",0
"ASV_3327",0
"ASV_3328",0
"ASV_3329",0
"ASV_3330",0
"ASV_3331",0
"ASV_3332",0
"ASV_3333",0
"ASV_3334",0.00028551826675586
"ASV_3335",0
"ASV_3336",0.000470922982693905
"ASV_3337",0.000470922982693905
"ASV_3338",0
"ASV_3339",0
"ASV_3340",0
"ASV_3341",0
"ASV_3342",0
"ASV_3343",0
"ASV_3344",0
"ASV_3345",0
"ASV_3346",0
"ASV_3347",0.000470922982693905
"ASV_3348",0
"ASV_3349",0
"ASV_3350",0
"ASV_3351",0.000470922982693905
"ASV_3352",0
"ASV_3353",0
"ASV_3354",0
"ASV_3355",0
"ASV_3356",0
"ASV_3357",0
"ASV_3358",0
"ASV_3359",0
"ASV_3360",0
"ASV_3361",0.000470922982693905
"ASV_3362",0
"ASV_3363",0
"ASV_3364",0
"ASV_3365",0
"ASV_3366",0
"ASV_3367",0
"ASV_3368",0
"ASV_3369",0
"ASV_3370",0
"ASV_3371",0
"ASV_3372",0
"ASV_3373",0
"ASV_3374",0
"ASV_3375",0
"ASV_3376",0
"ASV_3377",0
"ASV_3378",0
"ASV_3379",0
"ASV_3380",0
"ASV_3381",0
"ASV_3382",0
"ASV_3383",0
"ASV_3384",0
"ASV_3385",0
"ASV_3386",0
"ASV_3387",0
"ASV_3388",0
"ASV_3389",0
"ASV_3390",0
"ASV_3391",0.000449517392571455
"ASV_3392",0
"ASV_3393",0
"ASV_3394",0.000449517392571455
"ASV_3395",0
"ASV_3396",0
"ASV_3397",0
"ASV_3398",0
"ASV_3399",0
"ASV_3400",0
"ASV_3401",0
"ASV_3402",0
"ASV_3403",0.000449517392571455
"ASV_3404",0
"ASV_3405",0
"ASV_3406",0
"ASV_3407",0
"ASV_3408",0
"ASV_3409",0
"ASV_3410",0
"ASV_3411",0
"ASV_3412",0
"ASV_3413",0.000428111802449005
"ASV_3414",0
"ASV_3415",0
"ASV_3416",0
"ASV_3417",0
"ASV_3418",0
"ASV_3419",0
"ASV_3420",0
"ASV_3421",0
"ASV_3422",0
"ASV_3423",0
"ASV_3424",0
"ASV_3425",0
"ASV_3426",0
"ASV_3427",0
"ASV_3428",0
"ASV_3429",0.000428111802449005
"ASV_3430",0
"ASV_3431",0
"ASV_3432",0
"ASV_3433",0.000428111802449005
"ASV_3434",0
"ASV_3435",0
"ASV_3436",0
"ASV_3437",0
"ASV_3438",0
"ASV_3439",0
"ASV_3440",0
"ASV_3441",0
"ASV_3442",0
"ASV_3443",0
"ASV_3444",0
"ASV_3445",0
"ASV_3446",0
"ASV_3447",0.000428111802449005
"ASV_3448",0
"ASV_3449",0
"ASV_3450",0
"ASV_3451",0
"ASV_3452",0
"ASV_3453",0
"ASV_3454",0
"ASV_3455",0
"ASV_3456",0
"ASV_3457",0
"ASV_3458",0
"ASV_3459",0
"ASV_3460",0
"ASV_3461",0
"ASV_3462",0
"ASV_3463",0
"ASV_3464",0
"ASV_3465",0
"ASV_3466",0
"ASV_3467",0.000406706212326555
"ASV_3468",0
"ASV_3469",0.000406706212326555
"ASV_3470",0
"ASV_3471",0
"ASV_3472",0
"ASV_3473",0.000192860814754203
"ASV_3474",0
"ASV_3475",0
"ASV_3476",0
"ASV_3477",0
"ASV_3478",0
"ASV_3479",0
"ASV_3480",0
"ASV_3481",0
"ASV_3482",0.000406706212326555
"ASV_3483",0
"ASV_3484",0
"ASV_3485",0.000107227219243961
"ASV_3486",0.000406706212326555
"ASV_3487",0
"ASV_3488",0
"ASV_3489",0.000406706212326555
"ASV_3490",0
"ASV_3491",0
"ASV_3492",0.000406706212326555
"ASV_3493",0
"ASV_3494",0
"ASV_3495",0
"ASV_3496",0
"ASV_3497",0
"ASV_3498",0
"ASV_3499",0
"ASV_3500",0
"ASV_3501",0
"ASV_3502",0
"ASV_3503",0
"ASV_3504",0
"ASV_3505",0
"ASV_3506",0.000406706212326555
"ASV_3507",0.000406706212326555
"ASV_3508",0
"ASV_3509",0
"ASV_3510",0
"ASV_3511",0
"ASV_3512",0
"ASV_3513",0
"ASV_3514",0
"ASV_3515",0
"ASV_3516",0
"ASV_3517",0
"ASV_3518",0
"ASV_3519",0
"ASV_3520",0
"ASV_3521",0.000385300622204104
"ASV_3522",0
"ASV_3523",0
"ASV_3524",0
"ASV_3525",0
"ASV_3526",0.000385300622204104
"ASV_3527",0
"ASV_3528",0.000193146199678296
"ASV_3529",0
"ASV_3530",0
"ASV_3531",0
"ASV_3532",0
"ASV_3533",0
"ASV_3534",0
"ASV_3535",0
"ASV_3536",0
"ASV_3537",0
"ASV_3538",0
"ASV_3539",0.000385300622204104
"ASV_3540",0.000129324452705514
"ASV_3541",0
"ASV_3542",0
"ASV_3543",0
"ASV_3544",0
"ASV_3545",0.000385300622204104
"ASV_3546",0
"ASV_3547",0
"ASV_3548",0
"ASV_3549",0
"ASV_3550",0
"ASV_3551",0
"ASV_3552",0
"ASV_3553",0
"ASV_3554",0
"ASV_3555",0
"ASV_3556",0
"ASV_3557",0
"ASV_3558",0
"ASV_3559",0
"ASV_3560",0
"ASV_3561",0
"ASV_3562",0
"ASV_3563",0
"ASV_3564",0
"ASV_3565",0
"ASV_3566",0
"ASV_3567",0
"ASV_3568",0
"ASV_3569",0
"ASV_3570",0
"ASV_3571",0
"ASV_3572",0
"ASV_3573",0
"ASV_3574",0
"ASV_3575",0
"ASV_3576",0
"ASV_3577",0
"ASV_3578",0
"ASV_3579",0
"ASV_3580",0
"ASV_3581",0
"ASV_3582",0
"ASV_3583",0
"ASV_3584",0
"ASV_3585",0
"ASV_3586",0
"ASV_3587",0
"ASV_3588",0
"ASV_3589",0
"ASV_3590",0
"ASV_3591",0
"ASV_3592",0
"ASV_3593",0
"ASV_3594",0
"ASV_3595",0
"ASV_3596",0
"ASV_3597",0
"ASV_3598",0
"ASV_3599",0
"ASV_3600",0
"ASV_3601",0
"ASV_3602",0
"ASV_3603",0
"ASV_3604",0
"ASV_3605",0.000363895032081654
"ASV_3606",0
"ASV_3607",0
"ASV_3608",0
"ASV_3609",0
"ASV_3610",0
"ASV_3611",0
"ASV_3612",0
"ASV_3613",0
"ASV_3614",0
"ASV_3615",0
"ASV_3616",0
"ASV_3617",0
"ASV_3618",0.000217340942194505
"ASV_3619",0.000363895032081654
"ASV_3620",0
"ASV_3621",0.000363895032081654
"ASV_3622",0
"ASV_3623",0
"ASV_3624",0.000363895032081654
"ASV_3625",0
"ASV_3626",0
"ASV_3627",0.000363895032081654
"ASV_3628",0
"ASV_3629",0
"ASV_3630",0
"ASV_3631",0
"ASV_3632",0
"ASV_3633",0
"ASV_3634",0
"ASV_3635",0
"ASV_3636",0
"ASV_3637",0
"ASV_3638",0
"ASV_3639",0
"ASV_3640",0
"ASV_3641",0
"ASV_3642",0
"ASV_3643",0
"ASV_3644",0
"ASV_3645",0
"ASV_3646",0
"ASV_3647",0
"ASV_3648",0
"ASV_3649",0
"ASV_3650",0
"ASV_3651",0
"ASV_3652",0
"ASV_3653",0
"ASV_3654",0
"ASV_3655",0.000342489441959204
"ASV_3656",0
"ASV_3657",0
"ASV_3658",0
"ASV_3659",0
"ASV_3660",0
"ASV_3661",0.000342489441959204
"ASV_3662",0
"ASV_3663",0
"ASV_3664",0
"ASV_3665",0
"ASV_3666",0
"ASV_3667",0
"ASV_3668",0.000342489441959204
"ASV_3669",0
"ASV_3670",0
"ASV_3671",0.000342489441959204
"ASV_3672",0
"ASV_3673",0
"ASV_3674",0
"ASV_3675",0
"ASV_3676",0.000342489441959204
"ASV_3677",0.000342489441959204
"ASV_3678",0.000342489441959204
"ASV_3679",0
"ASV_3680",0
"ASV_3681",0
"ASV_3682",0
"ASV_3683",0
"ASV_3684",0
"ASV_3685",0
"ASV_3686",0
"ASV_3687",0
"ASV_3688",0
"ASV_3689",0
"ASV_3690",0
"ASV_3691",0
"ASV_3692",0
"ASV_3693",0.000321083851836754
"ASV_3694",0
"ASV_3695",0
"ASV_3696",0.000321083851836754
"ASV_3697",0
"ASV_3698",0
"ASV_3699",0
"ASV_3700",0
"ASV_3701",0
"ASV_3702",0
"ASV_3703",0.000321083851836754
"ASV_3704",0
"ASV_3705",0
"ASV_3706",0
"ASV_3707",0
"ASV_3708",0
"ASV_3709",0.000321083851836754
"ASV_3710",0
"ASV_3711",0
"ASV_3712",0
"ASV_3713",0
"ASV_3714",0
"ASV_3715",0
"ASV_3716",0
"ASV_3717",0
"ASV_3718",0.000321083851836754
"ASV_3719",0
"ASV_3720",0.000321083851836754
"ASV_3721",0
"ASV_3722",0
"ASV_3723",0
"ASV_3724",0
"ASV_3725",0
"ASV_3726",0
"ASV_3727",0
"ASV_3728",0.000321083851836754
"ASV_3729",0
"ASV_3730",0.000321083851836754
"ASV_3731",0
"ASV_3732",0
"ASV_3733",0.000321083851836754
"ASV_3734",0
"ASV_3735",0
"ASV_3736",0
"ASV_3737",0
"ASV_3738",0
"ASV_3739",0
"ASV_3740",0
"ASV_3741",0
"ASV_3742",0
"ASV_3743",0
"ASV_3744",0
"ASV_3745",0.000299678261714303
"ASV_3746",0
"ASV_3747",0
"ASV_3748",0
"ASV_3749",0
"ASV_3750",0
"ASV_3751",0.000299678261714303
"ASV_3752",0
"ASV_3753",0
"ASV_3754",0
"ASV_3755",0
"ASV_3756",0
"ASV_3757",0
"ASV_3758",0
"ASV_3759",0
"ASV_3760",0
"ASV_3761",0
"ASV_3762",0.000128672663157657
"ASV_3763",0
"ASV_3764",0
"ASV_3765",0
"ASV_3766",0
"ASV_3767",0
"ASV_3768",0.000299678261714303
"ASV_3769",0
"ASV_3770",0
"ASV_3771",0
"ASV_3772",0
"ASV_3773",0.000299678261714303
"ASV_3774",0
"ASV_3775",0
"ASV_3776",0
"ASV_3777",0
"ASV_3778",0
"ASV_3779",0
"ASV_3780",0
"ASV_3781",0
"ASV_3782",0
"ASV_3783",0
"ASV_3784",0.000299678261714303
"ASV_3785",0.000299678261714303
"ASV_3786",0
"ASV_3787",0
"ASV_3788",0
"ASV_3789",0.000299678261714303
"ASV_3790",0.000150878526948111
"ASV_3791",0
"ASV_3792",0
"ASV_3793",0.000299678261714303
"ASV_3794",0
"ASV_3795",0
"ASV_3796",0
"ASV_3797",0.000299678261714303
"ASV_3798",0
"ASV_3799",0.000299678261714303
"ASV_3800",0
"ASV_3801",0
"ASV_3802",0.000299678261714303
"ASV_3803",0
"ASV_3804",0
"ASV_3805",0
"ASV_3806",0.000278272671591853
"ASV_3807",0
"ASV_3808",0
"ASV_3809",0
"ASV_3810",0
"ASV_3811",0
"ASV_3812",0
"ASV_3813",0
"ASV_3814",0
"ASV_3815",0
"ASV_3816",0
"ASV_3817",0.000128533857117394
"ASV_3818",0
"ASV_3819",0
"ASV_3820",0.000278272671591853
"ASV_3821",0
"ASV_3822",0
"ASV_3823",0
"ASV_3824",0
"ASV_3825",0.000128573876505433
"ASV_3826",0.000278272671591853
"ASV_3827",0
"ASV_3828",0
"ASV_3829",0
"ASV_3830",0
"ASV_3831",0
"ASV_3832",0
"ASV_3833",0
"ASV_3834",0
"ASV_3835",0
"ASV_3836",0.000107401359278919
"ASV_3837",0
"ASV_3838",0
"ASV_3839",0
"ASV_3840",0
"ASV_3841",0
"ASV_3842",0
"ASV_3843",0
"ASV_3844",0
"ASV_3845",0
"ASV_3846",0
"ASV_3847",0
"ASV_3848",0
"ASV_3849",0
"ASV_3850",0
"ASV_3851",0
"ASV_3852",0
"ASV_3853",0
"ASV_3854",0
"ASV_3855",8.57257050322534e-05
"ASV_3856",0
"ASV_3857",0
"ASV_3858",0
"ASV_3859",0
"ASV_3860",0
"ASV_3861",0
"ASV_3862",0
"ASV_3863",0.000278272671591853
"ASV_3864",0
"ASV_3865",0
"ASV_3866",0
"ASV_3867",0
"ASV_3868",0.000256867081469403
"ASV_3869",0
"ASV_3870",0
"ASV_3871",0
"ASV_3872",0
"ASV_3873",0
"ASV_3874",0
"ASV_3875",0
"ASV_3876",0
"ASV_3877",0
"ASV_3878",0
"ASV_3879",0.000256867081469403
"ASV_3880",0
"ASV_3881",0
"ASV_3882",0
"ASV_3883",0
"ASV_3884",0
"ASV_3885",0
"ASV_3886",0
"ASV_3887",0
"ASV_3888",0
"ASV_3889",0.000256867081469403
"ASV_3890",0
"ASV_3891",0
"ASV_3892",0
"ASV_3893",0
"ASV_3894",0
"ASV_3895",0
"ASV_3896",0
"ASV_3897",0
"ASV_3898",0
"ASV_3899",0
"ASV_3900",0
"ASV_3901",0
"ASV_3902",0
"ASV_3903",0
"ASV_3904",0
"ASV_3905",0
"ASV_3906",0
"ASV_3907",0
"ASV_3908",0.000256867081469403
"ASV_3909",0
"ASV_3910",0
"ASV_3911",0
"ASV_3912",0.000256867081469403
"ASV_3913",0
"ASV_3914",0
"ASV_3915",0
"ASV_3916",0
"ASV_3917",0.000256867081469403
"ASV_3918",0.000256867081469403
"ASV_3919",0
"ASV_3920",0.000256867081469403
"ASV_3921",0
"ASV_3922",0.000256867081469403
"ASV_3923",0
"ASV_3924",0
"ASV_3925",0
"ASV_3926",0
"ASV_3927",0
"ASV_3928",0.000256867081469403
"ASV_3929",0
"ASV_3930",0.000256867081469403
"ASV_3931",0
"ASV_3932",0.000256867081469403
"ASV_3933",0
"ASV_3934",0
"ASV_3935",0
"ASV_3936",0
"ASV_3937",0
"ASV_3938",0.000235461491346953
"ASV_3939",0
"ASV_3940",0
"ASV_3941",0
"ASV_3942",0
"ASV_3943",0
"ASV_3944",0
"ASV_3945",0
"ASV_3946",0
"ASV_3947",0
"ASV_3948",0
"ASV_3949",0
"ASV_3950",0
"ASV_3951",0
"ASV_3952",0.000235461491346953
"ASV_3953",0
"ASV_3954",0
"ASV_3955",0
"ASV_3956",0
"ASV_3957",0
"ASV_3958",0
"ASV_3959",0
"ASV_3960",0.000235461491346953
"ASV_3961",0.000235461491346953
"ASV_3962",0
"ASV_3963",0.000235461491346953
"ASV_3964",0
"ASV_3965",0
"ASV_3966",0
"ASV_3967",0.000235461491346953
"ASV_3968",0
"ASV_3969",0
"ASV_3970",0
"ASV_3971",0
"ASV_3972",0.000235461491346953
"ASV_3973",0
"ASV_3974",0
"ASV_3975",0
"ASV_3976",0
"ASV_3977",0
"ASV_3978",0
"ASV_3979",0
"ASV_3980",0
"ASV_3981",0
"ASV_3982",0
"ASV_3983",0.000235461491346953
"ASV_3984",0
"ASV_3985",0.000235461491346953
"ASV_3986",0
"ASV_3987",0
"ASV_3988",0
"ASV_3989",0
"ASV_3990",0.000235461491346953
"ASV_3991",0
"ASV_3992",0
"ASV_3993",0
"ASV_3994",0.000235461491346953
"ASV_3995",0
"ASV_3996",0
"ASV_3997",0
"ASV_3998",0
"ASV_3999",0.000235461491346953
"ASV_4000",0
"ASV_4001",0
"ASV_4002",0
"ASV_4003",0
"ASV_4004",0.000235461491346953
"ASV_4005",0.000235461491346953
"ASV_4006",0.000235461491346953
"ASV_4007",0
"ASV_4008",0
"ASV_4009",0
"ASV_4010",0
"ASV_4011",0
"ASV_4012",0.000235461491346953
"ASV_4013",0.00019321842338208
"ASV_4014",0
"ASV_4015",0.000235461491346953
"ASV_4016",0.000235461491346953
"ASV_4017",0
"ASV_4018",0.000235461491346953
"ASV_4019",0.000235461491346953
"ASV_4020",0.000235461491346953
"ASV_4021",0
"ASV_4022",0.000235461491346953
"ASV_4023",0
"ASV_4024",0
"ASV_4025",0
"ASV_4026",0.000235461491346953
"ASV_4027",0.000214055901224502
"ASV_4028",0
"ASV_4029",0
"ASV_4030",0
"ASV_4031",0
"ASV_4032",0
"ASV_4033",0
"ASV_4034",0
"ASV_4035",0
"ASV_4036",0
"ASV_4037",0
"ASV_4038",0.000214055901224502
"ASV_4039",0
"ASV_4040",0
"ASV_4041",0
"ASV_4042",0
"ASV_4043",0
"ASV_4044",0
"ASV_4045",0
"ASV_4046",0
"ASV_4047",0
"ASV_4048",0
"ASV_4049",0
"ASV_4050",0
"ASV_4051",0
"ASV_4052",0.000214055901224502
"ASV_4053",0
"ASV_4054",0
"ASV_4055",0
"ASV_4056",0.000214055901224502
"ASV_4057",0.000214055901224502
"ASV_4058",0
"ASV_4059",0
"ASV_4060",0.000214055901224502
"ASV_4061",0
"ASV_4062",0.000214055901224502
"ASV_4063",0.000214055901224502
"ASV_4064",0
"ASV_4065",0.000214055901224502
"ASV_4066",0
"ASV_4067",0
"ASV_4068",0
"ASV_4069",0
"ASV_4070",0
"ASV_4071",0
"ASV_4072",0
"ASV_4073",0
"ASV_4074",0
"ASV_4075",0
"ASV_4076",0
"ASV_4077",0
"ASV_4078",0
"ASV_4079",0
"ASV_4080",0
"ASV_4081",0.000214055901224502
"ASV_4082",0.000131777659715626
"ASV_4083",0.000214055901224502
"ASV_4084",0
"ASV_4085",0
"ASV_4086",0
"ASV_4087",0.000214055901224502
"ASV_4088",0
"ASV_4089",0
"ASV_4090",0
"ASV_4091",0
"ASV_4092",0
"ASV_4093",0
"ASV_4094",0
"ASV_4095",0
"ASV_4096",0
"ASV_4097",0
"ASV_4098",0.000214055901224502
"ASV_4099",0.000214055901224502
"ASV_4100",0.000214055901224502
"ASV_4101",0
"ASV_4102",0
"ASV_4103",0
"ASV_4104",0
"ASV_4105",0
"ASV_4106",0
"ASV_4107",0.000214055901224502
"ASV_4108",0.000214055901224502
"ASV_4109",0
"ASV_4110",0
"ASV_4111",0
"ASV_4112",0
"ASV_4113",0
"ASV_4114",0.000214055901224502
"ASV_4115",0
"ASV_4116",0.000214055901224502
"ASV_4117",0.000214055901224502
"ASV_4118",0
"ASV_4119",0
"ASV_4120",0
"ASV_4121",0
"ASV_4122",0
"ASV_4123",0
"ASV_4124",4.32529497458893e-05
"ASV_4125",0
"ASV_4126",0
"ASV_4127",0.000192650311102052
"ASV_4128",0
"ASV_4129",0
"ASV_4130",0.000192650311102052
"ASV_4131",0
"ASV_4132",0.000192650311102052
"ASV_4133",0
"ASV_4134",0
"ASV_4135",0
"ASV_4136",0
"ASV_4137",0
"ASV_4138",0
"ASV_4139",0
"ASV_4140",0.000192650311102052
"ASV_4141",0
"ASV_4142",0.000192650311102052
"ASV_4143",0
"ASV_4144",0.000192650311102052
"ASV_4145",0
"ASV_4146",0
"ASV_4147",0.000192650311102052
"ASV_4148",0
"ASV_4149",0
"ASV_4150",0.000192650311102052
"ASV_4151",0
"ASV_4152",0.000192650311102052
"ASV_4153",0
"ASV_4154",0.000128727056839809
"ASV_4155",0.000192650311102052
"ASV_4156",0
"ASV_4157",0
"ASV_4158",0
"ASV_4159",0
"ASV_4160",0
"ASV_4161",0.000192650311102052
"ASV_4162",0
"ASV_4163",0.000192650311102052
"ASV_4164",0.000192650311102052
"ASV_4165",0.000192650311102052
"ASV_4166",0.000192650311102052
"ASV_4167",0
"ASV_4168",0.000192650311102052
"ASV_4169",0
"ASV_4170",0
"ASV_4171",0
"ASV_4172",0
"ASV_4173",0
"ASV_4174",0.000192650311102052
"ASV_4175",4.28539372454898e-05
"ASV_4176",0
"ASV_4177",0
"ASV_4178",0
"ASV_4179",0.000192650311102052
"ASV_4180",0
"ASV_4181",0
"ASV_4182",0.000192650311102052
"ASV_4183",0
"ASV_4184",0
"ASV_4185",0
"ASV_4186",0
"ASV_4187",0
"ASV_4188",0.000192650311102052
"ASV_4189",0.000192650311102052
"ASV_4190",0
"ASV_4191",0
"ASV_4192",0
"ASV_4193",0.000192650311102052
"ASV_4194",0
"ASV_4195",0
"ASV_4196",0
"ASV_4197",0
"ASV_4198",0
"ASV_4199",0
"ASV_4200",0
"ASV_4201",0
"ASV_4202",0.000192650311102052
"ASV_4203",0
"ASV_4204",0
"ASV_4205",0
"ASV_4206",0
"ASV_4207",0.000192650311102052
"ASV_4208",0.000192650311102052
"ASV_4209",0
"ASV_4210",0
"ASV_4211",0
"ASV_4212",0
"ASV_4213",0
"ASV_4214",0.000192650311102052
"ASV_4215",0
"ASV_4216",0
"ASV_4217",0.000192650311102052
"ASV_4218",0.000192650311102052
"ASV_4219",0
"ASV_4220",0.000192650311102052
"ASV_4221",0.000192650311102052
"ASV_4222",0
"ASV_4223",0
"ASV_4224",0
"ASV_4225",0
"ASV_4226",0
"ASV_4227",0.000192650311102052
"ASV_4228",0
"ASV_4229",0
"ASV_4230",0
"ASV_4231",0
"ASV_4232",0
"ASV_4233",0
"ASV_4234",0
"ASV_4235",0.000171244720979602
"ASV_4236",0
"ASV_4237",0
"ASV_4238",0
"ASV_4239",0
"ASV_4240",0
"ASV_4241",0
"ASV_4242",0.000171244720979602
"ASV_4243",0
"ASV_4244",0
"ASV_4245",0
"ASV_4246",0
"ASV_4247",0
"ASV_4248",0.000171244720979602
"ASV_4249",0.000171244720979602
"ASV_4250",0
"ASV_4251",0.000171244720979602
"ASV_4252",0.000171244720979602
"ASV_4253",0
"ASV_4254",0
"ASV_4255",0
"ASV_4256",0
"ASV_4257",0
"ASV_4258",0
"ASV_4259",0
"ASV_4260",0
"ASV_4261",0.000171244720979602
"ASV_4262",0
"ASV_4263",0.000171244720979602
"ASV_4264",0
"ASV_4265",0
"ASV_4266",0
"ASV_4267",0.000171244720979602
"ASV_4268",0
"ASV_4269",0
"ASV_4270",0
"ASV_4271",0.000171244720979602
"ASV_4272",0.000171244720979602
"ASV_4273",0.000171244720979602
"ASV_4274",0
"ASV_4275",0
"ASV_4276",0
"ASV_4277",0
"ASV_4278",0.000171244720979602
"ASV_4279",0.000171244720979602
"ASV_4280",0.000171244720979602
"ASV_4281",0.000171244720979602
"ASV_4282",0.000171244720979602
"ASV_4283",0
"ASV_4284",0.000171244720979602
"ASV_4285",0.000171244720979602
"ASV_4286",0.000171244720979602
"ASV_4287",0
"ASV_4288",0.000171244720979602
"ASV_4289",0.000171244720979602
"ASV_4290",0
"ASV_4291",0
"ASV_4292",0
"ASV_4293",0
"ASV_4294",0.000171244720979602
"ASV_4295",0.000171244720979602
"ASV_4296",0
"ASV_4297",0
"ASV_4298",0
"ASV_4299",0
"ASV_4300",0.000171244720979602
"ASV_4301",0
"ASV_4302",0
"ASV_4303",0.000171244720979602
"ASV_4304",0
"ASV_4305",0
"ASV_4306",0.000171244720979602
"ASV_4307",0
"ASV_4308",0.000171244720979602
"ASV_4309",0
"ASV_4310",0
"ASV_4311",0
"ASV_4312",0.000171244720979602
"ASV_4313",0.000171244720979602
"ASV_4314",0.000171244720979602
"ASV_4315",0
"ASV_4316",0
"ASV_4317",0
"ASV_4318",0
"ASV_4319",0
"ASV_4320",0
"ASV_4321",0.000171244720979602
"ASV_4322",0.000171244720979602
"ASV_4323",0
"ASV_4324",0.000171244720979602
"ASV_4325",0
"ASV_4326",0.000171244720979602
"ASV_4327",0
"ASV_4328",0.000171244720979602
"ASV_4329",0
"ASV_4330",0
"ASV_4331",0
"ASV_4332",0
"ASV_4333",0.000171244720979602
"ASV_4334",0
"ASV_4335",0
"ASV_4336",0
"ASV_4337",0
"ASV_4338",0
"ASV_4339",0
"ASV_4340",0.000171244720979602
"ASV_4341",0.000171244720979602
"ASV_4342",0.000171244720979602
"ASV_4343",0
"ASV_4344",0
"ASV_4345",0
"ASV_4346",0
"ASV_4347",0
"ASV_4348",0
"ASV_4349",0.000171244720979602
"ASV_4350",0.000171244720979602
"ASV_4351",0
"ASV_4352",0
"ASV_4353",0
"ASV_4354",0
"ASV_4355",0
"ASV_4356",0
"ASV_4357",0
"ASV_4358",0
"ASV_4359",0
"ASV_4360",0
"ASV_4361",0
"ASV_4362",0
"ASV_4363",0.000171244720979602
"ASV_4364",0
"ASV_4365",0
"ASV_4366",0.000171244720979602
"ASV_4367",0.000171244720979602
"ASV_4368",0
"ASV_4369",0.000171244720979602
"ASV_4370",0.000171244720979602
"ASV_4371",0
"ASV_4372",0.000171244720979602
"ASV_4373",0
"ASV_4374",0
"ASV_4375",0.000149839130857152
"ASV_4376",0.000149839130857152
"ASV_4377",0.000149839130857152
"ASV_4378",0
"ASV_4379",0
"ASV_4380",0.000149839130857152
"ASV_4381",0
"ASV_4382",0
"ASV_4383",0
"ASV_4384",0.000149839130857152
"ASV_4385",0.000149839130857152
"ASV_4386",0.000149839130857152
"ASV_4387",0
"ASV_4388",0.000149839130857152
"ASV_4389",0.000149839130857152
"ASV_4390",0
"ASV_4391",0
"ASV_4392",0
"ASV_4393",0.000149839130857152
"ASV_4394",0
"ASV_4395",0.000149839130857152
"ASV_4396",0
"ASV_4397",0
"ASV_4398",0.000149839130857152
"ASV_4399",0.000149839130857152
"ASV_4400",0
"ASV_4401",0
"ASV_4402",0.000149839130857152
"ASV_4403",0
"ASV_4404",0
"ASV_4405",0
"ASV_4406",0
"ASV_4407",0
"ASV_4408",0
"ASV_4409",0.000149839130857152
"ASV_4410",0
"ASV_4411",0
"ASV_4412",0.000149839130857152
"ASV_4413",0
"ASV_4414",0
"ASV_4415",0
"ASV_4416",0
"ASV_4417",0
"ASV_4418",0
"ASV_4419",0
"ASV_4420",0
"ASV_4421",0
"ASV_4422",0
"ASV_4423",0
"ASV_4424",0.000149839130857152
"ASV_4425",0.000149839130857152
"ASV_4426",0
"ASV_4427",0.000149839130857152
"ASV_4428",0
"ASV_4429",0
"ASV_4430",0
"ASV_4431",0
"ASV_4432",0
"ASV_4433",0
"ASV_4434",0.000149839130857152
"ASV_4435",0.000149839130857152
"ASV_4436",0
"ASV_4437",0
"ASV_4438",0
"ASV_4439",0
"ASV_4440",0
"ASV_4441",0.000149839130857152
"ASV_4442",0
"ASV_4443",0
"ASV_4444",0.000149839130857152
"ASV_4445",0.000149839130857152
"ASV_4446",0
"ASV_4447",0.000149839130857152
"ASV_4448",0.000149839130857152
"ASV_4449",0
"ASV_4450",0.000149839130857152
"ASV_4451",0
"ASV_4452",4.36399548576015e-05
"ASV_4453",0
"ASV_4454",0
"ASV_4455",0.000149839130857152
"ASV_4456",0.000149839130857152
"ASV_4457",0.000149839130857152
"ASV_4458",0.000149839130857152
"ASV_4459",0.000149839130857152
"ASV_4460",0.000149839130857152
"ASV_4461",0
"ASV_4462",0
"ASV_4463",0
"ASV_4464",0
"ASV_4465",0.000149839130857152
"ASV_4466",0
"ASV_4467",0.000149839130857152
"ASV_4468",0.000149839130857152
"ASV_4469",0
"ASV_4470",0.000149839130857152
"ASV_4471",0
"ASV_4472",0.000149839130857152
"ASV_4473",0.000149839130857152
"ASV_4474",0
"ASV_4475",0
"ASV_4476",0
"ASV_4477",0.000149839130857152
"ASV_4478",0.000149839130857152
"ASV_4479",0.000149839130857152
"ASV_4480",0.000149839130857152
"ASV_4481",0.000149839130857152
"ASV_4482",0.000149839130857152
"ASV_4483",0.000149839130857152
"ASV_4484",0
"ASV_4485",0.000149839130857152
"ASV_4486",0.000149839130857152
"ASV_4487",0
"ASV_4488",0
"ASV_4489",0
"ASV_4490",0
"ASV_4491",0.000149839130857152
"ASV_4492",0
"ASV_4493",0.000128433540734701
"ASV_4494",0
"ASV_4495",0
"ASV_4496",0
"ASV_4497",0
"ASV_4498",0
"ASV_4499",0.000128433540734701
"ASV_4500",0
"ASV_4501",0
"ASV_4502",0
"ASV_4503",0.000128433540734701
"ASV_4504",0
"ASV_4505",0
"ASV_4506",8.56315979932848e-05
"ASV_4507",0
"ASV_4508",0
"ASV_4509",0
"ASV_4510",0
"ASV_4511",0.000128433540734701
"ASV_4512",0
"ASV_4513",0
"ASV_4514",0.000128433540734701
"ASV_4515",0
"ASV_4516",0.000128433540734701
"ASV_4517",0.000128433540734701
"ASV_4518",0
"ASV_4519",0
"ASV_4520",0.000128433540734701
"ASV_4521",4.28868441290754e-05
"ASV_4522",0
"ASV_4523",0
"ASV_4524",0
"ASV_4525",0
"ASV_4526",0
"ASV_4527",0
"ASV_4528",0
"ASV_4529",0.000128433540734701
"ASV_4530",0.000128433540734701
"ASV_4531",0
"ASV_4532",0
"ASV_4533",0
"ASV_4534",0
"ASV_4535",0
"ASV_4536",0
"ASV_4537",0
"ASV_4538",0.000128433540734701
"ASV_4539",0
"ASV_4540",0
"ASV_4541",0
"ASV_4542",0
"ASV_4543",0
"ASV_4544",0
"ASV_4545",0
"ASV_4546",0
"ASV_4547",0
"ASV_4548",0.000128433540734701
"ASV_4549",0.000128433540734701
"ASV_4550",0.000128433540734701
"ASV_4551",0.000128433540734701
"ASV_4552",0.000128433540734701
"ASV_4553",0.000128433540734701
"ASV_4554",0
"ASV_4555",0.000128433540734701
"ASV_4556",0.000128433540734701
"ASV_4557",0
"ASV_4558",0.000128433540734701
"ASV_4559",0
"ASV_4560",0.000128433540734701
"ASV_4561",0.000128433540734701
"ASV_4562",0
"ASV_4563",0.000128433540734701
"ASV_4564",0.000128433540734701
"ASV_4565",0.000128433540734701
"ASV_4566",0.000128433540734701
"ASV_4567",0
"ASV_4568",0.000128433540734701
"ASV_4569",0
"ASV_4570",0
"ASV_4571",0
"ASV_4572",0
"ASV_4573",0
"ASV_4574",0.000128433540734701
"ASV_4575",0.000128433540734701
"ASV_4576",0
"ASV_4577",0.000128433540734701
"ASV_4578",0
"ASV_4579",0
"ASV_4580",0.000128433540734701
"ASV_4581",0
"ASV_4582",0
"ASV_4583",0.000128433540734701
"ASV_4584",0
"ASV_4585",0
"ASV_4586",0.000128433540734701
"ASV_4587",0
"ASV_4588",0
"ASV_4589",0.000128433540734701
"ASV_4590",0.000128433540734701
"ASV_4591",0.000128433540734701
"ASV_4592",0.000128433540734701
"ASV_4593",0.000128433540734701
"ASV_4594",0
"ASV_4595",0.000128433540734701
"ASV_4596",0
"ASV_4597",0
"ASV_4598",0
"ASV_4599",0
"ASV_4600",0
"ASV_4601",0
"ASV_4602",0
"ASV_4603",0
"ASV_4604",0
"ASV_4605",0.000128433540734701
"ASV_4606",0
"ASV_4607",0.000128433540734701
"ASV_4608",0.000128433540734701
"ASV_4609",0.000128433540734701
"ASV_4610",0.000128433540734701
"ASV_4611",0
"ASV_4612",0
"ASV_4613",0.000128433540734701
"ASV_4614",0
"ASV_4615",0
"ASV_4616",0
"ASV_4617",0
"ASV_4618",0.000128433540734701
"ASV_4619",0.000128433540734701
"ASV_4620",0.000128433540734701
"ASV_4621",0.000128433540734701
"ASV_4622",0
"ASV_4623",0.000128433540734701
"ASV_4624",0
"ASV_4625",0.000128433540734701
"ASV_4626",0.000128433540734701
"ASV_4627",0.000128433540734701
"ASV_4628",0
"ASV_4629",0
"ASV_4630",0.000128433540734701
"ASV_4631",0
"ASV_4632",0.000128433540734701
"ASV_4633",0.000128433540734701
"ASV_4634",0.000128433540734701
"ASV_4635",0.000128433540734701
"ASV_4636",0
"ASV_4637",0.000128433540734701
"ASV_4638",0
"ASV_4639",0.000128433540734701
"ASV_4640",0.000128433540734701
"ASV_4641",0.000128433540734701
"ASV_4642",0
"ASV_4643",0
"ASV_4644",0
"ASV_4645",0.000128433540734701
"ASV_4646",0.000128433540734701
"ASV_4647",0
"ASV_4648",0.000128433540734701
"ASV_4649",0
"ASV_4650",0.000128433540734701
"ASV_4651",0.000128433540734701
"ASV_4652",0.000128433540734701
"ASV_4653",0.000128433540734701
"ASV_4654",0
"ASV_4655",0
"ASV_4656",0
"ASV_4657",0.000107027950612251
"ASV_4658",0.000107027950612251
"ASV_4659",0
"ASV_4660",0
"ASV_4661",0.000107027950612251
"ASV_4662",0
"ASV_4663",0
"ASV_4664",0
"ASV_4665",0
"ASV_4666",0.000107027950612251
"ASV_4667",0
"ASV_4668",0
"ASV_4669",0.000107027950612251
"ASV_4670",0
"ASV_4671",0
"ASV_4672",0.000107027950612251
"ASV_4673",0
"ASV_4674",0
"ASV_4675",0
"ASV_4676",0
"ASV_4677",0.000107027950612251
"ASV_4678",0.000107027950612251
"ASV_4679",0
"ASV_4680",0.000107027950612251
"ASV_4681",0.000107027950612251
"ASV_4682",0
"ASV_4683",0
"ASV_4684",0.000107027950612251
"ASV_4685",0
"ASV_4686",0.000107027950612251
"ASV_4687",0
"ASV_4688",0
"ASV_4689",0
"ASV_4690",0.000107027950612251
"ASV_4691",0
"ASV_4692",0
"ASV_4693",0.000107027950612251
"ASV_4694",0
"ASV_4695",0
"ASV_4696",0
"ASV_4697",0
"ASV_4698",0
"ASV_4699",0
"ASV_4700",0
"ASV_4701",0
"ASV_4702",0.000107027950612251
"ASV_4703",0.000107027950612251
"ASV_4704",0.000107027950612251
"ASV_4705",0
"ASV_4706",0
"ASV_4707",0
"ASV_4708",0
"ASV_4709",0
"ASV_4710",0
"ASV_4711",0
"ASV_4712",0
"ASV_4713",0.000107027950612251
"ASV_4714",0
"ASV_4715",0.000107027950612251
"ASV_4716",0
"ASV_4717",0
"ASV_4718",0
"ASV_4719",0
"ASV_4720",0
"ASV_4721",0
"ASV_4722",0
"ASV_4723",0
"ASV_4724",0.000107027950612251
"ASV_4725",0
"ASV_4726",0.000107027950612251
"ASV_4727",0
"ASV_4728",0.000107027950612251
"ASV_4729",0.000107027950612251
"ASV_4730",0.000107027950612251
"ASV_4731",0
"ASV_4732",0.000107027950612251
"ASV_4733",0.000107027950612251
"ASV_4734",0.000107027950612251
"ASV_4735",0.000107027950612251
"ASV_4736",0.000107027950612251
"ASV_4737",0
"ASV_4738",0.000107027950612251
"ASV_4739",0.000107027950612251
"ASV_4740",0
"ASV_4741",0.000107027950612251
"ASV_4742",0.000107027950612251
"ASV_4743",0.000107027950612251
"ASV_4744",0.000107027950612251
"ASV_4745",0
"ASV_4746",0
"ASV_4747",0
"ASV_4748",0
"ASV_4749",0
"ASV_4750",0
"ASV_4751",0
"ASV_4752",0.000107027950612251
"ASV_4753",0.000107027950612251
"ASV_4754",0
"ASV_4755",0
"ASV_4756",0.000107027950612251
"ASV_4757",0
"ASV_4758",0.000107027950612251
"ASV_4759",0.000107027950612251
"ASV_4760",0.000107027950612251
"ASV_4761",0.000107027950612251
"ASV_4762",0.000107027950612251
"ASV_4763",0.000107027950612251
"ASV_4764",0
"ASV_4765",0.000107027950612251
"ASV_4766",0
"ASV_4767",0.000107027950612251
"ASV_4768",0
"ASV_4769",0.000107027950612251
"ASV_4770",0.000107027950612251
"ASV_4771",0
"ASV_4772",0.000107027950612251
"ASV_4773",0.000107027950612251
"ASV_4774",0.000107027950612251
"ASV_4775",0.000107027950612251
"ASV_4776",0.000107027950612251
"ASV_4777",0.000107027950612251
"ASV_4778",0
"ASV_4779",0.000107027950612251
"ASV_4780",0.000107027950612251
"ASV_4781",0
"ASV_4782",0
"ASV_4783",0
"ASV_4784",0
"ASV_4785",0.000107027950612251
"ASV_4786",0.000107027950612251
"ASV_4787",0.000107027950612251
"ASV_4788",0.000107027950612251
"ASV_4789",0.000107027950612251
"ASV_4790",0
"ASV_4791",0
"ASV_4792",0
"ASV_4793",0.000107027950612251
"ASV_4794",0.000107027950612251
"ASV_4795",0
"ASV_4796",0
"ASV_4797",0.000107027950612251
"ASV_4798",0.000107027950612251
"ASV_4799",0.000107027950612251
"ASV_4800",0
"ASV_4801",0.000107027950612251
"ASV_4802",0.000107027950612251
"ASV_4803",0.000107027950612251
"ASV_4804",0.000107027950612251
"ASV_4805",0.000107027950612251
"ASV_4806",0
"ASV_4807",0
"ASV_4808",0.000107027950612251
"ASV_4809",0.000107027950612251
"ASV_4810",0.000107027950612251
"ASV_4811",0
"ASV_4812",0
"ASV_4813",0.000107027950612251
"ASV_4814",0.000107027950612251
"ASV_4815",0.000107027950612251
"ASV_4816",0.000107027950612251
"ASV_4817",0
"ASV_4818",0
"ASV_4819",0.000107027950612251
"ASV_4820",0.000107027950612251
"ASV_4821",0.000107027950612251
"ASV_4822",0.000107027950612251
"ASV_4823",0.000107027950612251
"ASV_4824",0
"ASV_4825",0.000107027950612251
"ASV_4826",0
"ASV_4827",0.000107027950612251
"ASV_4828",0
"ASV_4829",0.000107027950612251
"ASV_4830",0.000107027950612251
"ASV_4831",0.000107027950612251
"ASV_4832",0
"ASV_4833",0
"ASV_4834",0
"ASV_4835",8.5622360489801e-05
"ASV_4836",8.5622360489801e-05
"ASV_4837",8.5622360489801e-05
"ASV_4838",8.5622360489801e-05
"ASV_4839",8.5622360489801e-05
"ASV_4840",8.5622360489801e-05
"ASV_4841",0
"ASV_4842",0
"ASV_4843",8.5622360489801e-05
"ASV_4844",8.5622360489801e-05
"ASV_4845",0
"ASV_4846",0
"ASV_4847",0
"ASV_4848",8.5622360489801e-05
"ASV_4849",0
"ASV_4850",0
"ASV_4851",8.5622360489801e-05
"ASV_4852",0
"ASV_4853",8.5622360489801e-05
"ASV_4854",0
"ASV_4855",0
"ASV_4856",8.5622360489801e-05
"ASV_4857",0
"ASV_4858",0
"ASV_4859",8.5622360489801e-05
"ASV_4860",8.5622360489801e-05
"ASV_4861",0
"ASV_4862",0
"ASV_4863",8.5622360489801e-05
"ASV_4864",0
"ASV_4865",0
"ASV_4866",0
"ASV_4867",8.5622360489801e-05
"ASV_4868",0
"ASV_4869",0
"ASV_4870",0
"ASV_4871",8.5622360489801e-05
"ASV_4872",0
"ASV_4873",8.5622360489801e-05
"ASV_4874",8.5622360489801e-05
"ASV_4875",4.33346512142506e-05
"ASV_4876",0
"ASV_4877",8.5622360489801e-05
"ASV_4878",8.5622360489801e-05
"ASV_4879",8.5622360489801e-05
"ASV_4880",8.5622360489801e-05
"ASV_4881",8.5622360489801e-05
"ASV_4882",0
"ASV_4883",8.5622360489801e-05
"ASV_4884",0
"ASV_4885",8.5622360489801e-05
"ASV_4886",8.5622360489801e-05
"ASV_4887",8.5622360489801e-05
"ASV_4888",0
"ASV_4889",0
"ASV_4890",0
"ASV_4891",0
"ASV_4892",0
"ASV_4893",0
"ASV_4894",8.5622360489801e-05
"ASV_4895",0
"ASV_4896",0
"ASV_4897",8.5622360489801e-05
"ASV_4898",0
"ASV_4899",0
"ASV_4900",0
"ASV_4901",0
"ASV_4902",0
"ASV_4903",0
"ASV_4904",0
"ASV_4905",0
"ASV_4906",0
"ASV_4907",0
"ASV_4908",0
"ASV_4909",0
"ASV_4910",0
"ASV_4911",0
"ASV_4912",0
"ASV_4913",8.5622360489801e-05
"ASV_4914",0
"ASV_4915",8.5622360489801e-05
"ASV_4916",0
"ASV_4917",0
"ASV_4918",8.5622360489801e-05
"ASV_4919",8.5622360489801e-05
"ASV_4920",8.5622360489801e-05
"ASV_4921",0
"ASV_4922",0
"ASV_4923",0
"ASV_4924",8.5622360489801e-05
"ASV_4925",8.5622360489801e-05
"ASV_4926",0
"ASV_4927",0
"ASV_4928",8.5622360489801e-05
"ASV_4929",0
"ASV_4930",8.5622360489801e-05
"ASV_4931",0
"ASV_4932",0
"ASV_4933",0
"ASV_4934",0
"ASV_4935",0
"ASV_4936",0
"ASV_4937",0
"ASV_4938",0
"ASV_4939",8.5622360489801e-05
"ASV_4940",8.5622360489801e-05
"ASV_4941",8.5622360489801e-05
"ASV_4942",0
"ASV_4943",8.5622360489801e-05
"ASV_4944",8.5622360489801e-05
"ASV_4945",0
"ASV_4946",8.5622360489801e-05
"ASV_4947",8.5622360489801e-05
"ASV_4948",0
"ASV_4949",8.5622360489801e-05
"ASV_4950",8.5622360489801e-05
"ASV_4951",8.5622360489801e-05
"ASV_4952",8.5622360489801e-05
"ASV_4953",8.5622360489801e-05
"ASV_4954",8.5622360489801e-05
"ASV_4955",8.5622360489801e-05
"ASV_4956",8.5622360489801e-05
"ASV_4957",8.5622360489801e-05
"ASV_4958",8.5622360489801e-05
"ASV_4959",0
"ASV_4960",0
"ASV_4961",8.5622360489801e-05
"ASV_4962",0
"ASV_4963",8.5622360489801e-05
"ASV_4964",8.5622360489801e-05
"ASV_4965",0
"ASV_4966",8.5622360489801e-05
"ASV_4967",0
"ASV_4968",8.5622360489801e-05
"ASV_4969",0
"ASV_4970",0
"ASV_4971",8.5622360489801e-05
"ASV_4972",8.5622360489801e-05
"ASV_4973",8.5622360489801e-05
"ASV_4974",0
"ASV_4975",8.5622360489801e-05
"ASV_4976",0
"ASV_4977",8.5622360489801e-05
"ASV_4978",8.5622360489801e-05
"ASV_4979",0
"ASV_4980",0
"ASV_4981",8.5622360489801e-05
"ASV_4982",0
"ASV_4983",0
"ASV_4984",0
"ASV_4985",0
"ASV_4986",0
"ASV_4987",0
"ASV_4988",0
"ASV_4989",0
"ASV_4990",0
"ASV_4991",8.5622360489801e-05
"ASV_4992",8.5622360489801e-05
"ASV_4993",8.5622360489801e-05
"ASV_4994",8.5622360489801e-05
"ASV_4995",0
"ASV_4996",8.5622360489801e-05
"ASV_4997",0
"ASV_4998",8.5622360489801e-05
"ASV_4999",0
"ASV_5000",8.5622360489801e-05
"ASV_5001",8.5622360489801e-05
"ASV_5002",8.5622360489801e-05
"ASV_5003",8.5622360489801e-05
"ASV_5004",8.5622360489801e-05
"ASV_5005",8.5622360489801e-05
"ASV_5006",0
"ASV_5007",0
"ASV_5008",8.5622360489801e-05
"ASV_5009",0
"ASV_5010",0
"ASV_5011",8.5622360489801e-05
"ASV_5012",0
"ASV_5013",8.5622360489801e-05
"ASV_5014",8.5622360489801e-05
"ASV_5015",8.5622360489801e-05
"ASV_5016",0
"ASV_5017",8.5622360489801e-05
"ASV_5018",0
"ASV_5019",0
"ASV_5020",0
"ASV_5021",0
"ASV_5022",0
"ASV_5023",8.5622360489801e-05
"ASV_5024",8.5622360489801e-05
"ASV_5025",0
"ASV_5026",8.5622360489801e-05
"ASV_5027",8.5622360489801e-05
"ASV_5028",8.5622360489801e-05
"ASV_5029",0
"ASV_5030",8.5622360489801e-05
"ASV_5031",0
"ASV_5032",8.5622360489801e-05
"ASV_5033",8.5622360489801e-05
"ASV_5034",0
"ASV_5035",8.5622360489801e-05
"ASV_5036",0
"ASV_5037",0
"ASV_5038",0
"ASV_5039",0
"ASV_5040",0
"ASV_5041",0
"ASV_5042",8.5622360489801e-05
"ASV_5043",8.5622360489801e-05
"ASV_5044",8.5622360489801e-05
"ASV_5045",8.5622360489801e-05
"ASV_5046",0
"ASV_5047",0
"ASV_5048",8.5622360489801e-05
"ASV_5049",0
"ASV_5050",8.5622360489801e-05
"ASV_5051",0
"ASV_5052",0
"ASV_5053",8.5622360489801e-05
"ASV_5054",0
"ASV_5055",0
"ASV_5056",0
"ASV_5057",8.5622360489801e-05
"ASV_5058",0
"ASV_5059",8.5622360489801e-05
"ASV_5060",0
"ASV_5061",8.5622360489801e-05
"ASV_5062",8.5622360489801e-05
"ASV_5063",0
"ASV_5064",0
"ASV_5065",0
"ASV_5066",8.5622360489801e-05
"ASV_5067",8.5622360489801e-05
"ASV_5068",0
"ASV_5069",8.5622360489801e-05
"ASV_5070",8.5622360489801e-05
"ASV_5071",8.5622360489801e-05
"ASV_5072",8.5622360489801e-05
"ASV_5073",8.5622360489801e-05
"ASV_5074",0
"ASV_5075",0
"ASV_5076",0
"ASV_5077",8.5622360489801e-05
"ASV_5078",0
"ASV_5079",8.5622360489801e-05
"ASV_5080",8.5622360489801e-05
"ASV_5081",8.5622360489801e-05
"ASV_5082",0
"ASV_5083",6.42167703673507e-05
"ASV_5084",6.42167703673507e-05
"ASV_5085",6.42167703673507e-05
"ASV_5086",6.42167703673507e-05
"ASV_5087",0
"ASV_5088",6.42167703673507e-05
"ASV_5089",0
"ASV_5090",6.42167703673507e-05
"ASV_5091",6.42167703673507e-05
"ASV_5092",6.42167703673507e-05
"ASV_5093",6.42167703673507e-05
"ASV_5094",6.42167703673507e-05
"ASV_5095",6.42167703673507e-05
"ASV_5096",0
"ASV_5097",0
"ASV_5098",0
"ASV_5099",0
"ASV_5100",0
"ASV_5101",0
"ASV_5102",0
"ASV_5103",6.42167703673507e-05
"ASV_5104",6.42167703673507e-05
"ASV_5105",0
"ASV_5106",0
"ASV_5107",6.42167703673507e-05
"ASV_5108",0
"ASV_5109",0
"ASV_5110",6.42167703673507e-05
"ASV_5111",6.42167703673507e-05
"ASV_5112",6.42167703673507e-05
"ASV_5113",6.42167703673507e-05
"ASV_5114",6.42167703673507e-05
"ASV_5115",0
"ASV_5116",6.42167703673507e-05
"ASV_5117",0
"ASV_5118",6.42167703673507e-05
"ASV_5119",6.42167703673507e-05
"ASV_5120",6.42167703673507e-05
"ASV_5121",0
"ASV_5122",0
"ASV_5123",0
"ASV_5124",0
"ASV_5125",6.42167703673507e-05
"ASV_5126",0
"ASV_5127",6.42167703673507e-05
"ASV_5128",0
"ASV_5129",6.42167703673507e-05
"ASV_5130",6.42167703673507e-05
"ASV_5131",0
"ASV_5132",6.42167703673507e-05
"ASV_5133",0
"ASV_5134",6.42167703673507e-05
"ASV_5135",6.42167703673507e-05
"ASV_5136",0
"ASV_5137",6.42167703673507e-05
"ASV_5138",6.42167703673507e-05
"ASV_5139",0
"ASV_5140",6.42167703673507e-05
"ASV_5141",6.42167703673507e-05
"ASV_5142",0
"ASV_5143",0
"ASV_5144",0
"ASV_5145",6.42167703673507e-05
"ASV_5146",6.42167703673507e-05
"ASV_5147",6.42167703673507e-05
"ASV_5148",0
"ASV_5149",6.42167703673507e-05
"ASV_5150",6.42167703673507e-05
"ASV_5151",6.42167703673507e-05
"ASV_5152",6.42167703673507e-05
"ASV_5153",0
"ASV_5154",6.42167703673507e-05
"ASV_5155",0
"ASV_5156",0
"ASV_5157",6.42167703673507e-05
"ASV_5158",0
"ASV_5159",6.42167703673507e-05
"ASV_5160",6.42167703673507e-05
"ASV_5161",0
"ASV_5162",6.42167703673507e-05
"ASV_5163",6.42167703673507e-05
"ASV_5164",6.42167703673507e-05
"ASV_5165",6.42167703673507e-05
"ASV_5166",6.42167703673507e-05
"ASV_5167",6.42167703673507e-05
"ASV_5168",6.42167703673507e-05
"ASV_5169",6.42167703673507e-05
"ASV_5170",6.42167703673507e-05
"ASV_5171",6.42167703673507e-05
"ASV_5172",0
"ASV_5173",6.42167703673507e-05
"ASV_5174",0
"ASV_5175",0
"ASV_5176",0
"ASV_5177",0
"ASV_5178",6.42167703673507e-05
"ASV_5179",6.42167703673507e-05
"ASV_5180",6.42167703673507e-05
"ASV_5181",6.42167703673507e-05
"ASV_5182",6.42167703673507e-05
"ASV_5183",6.42167703673507e-05
"ASV_5184",0
"ASV_5185",0
"ASV_5186",0
"ASV_5187",0
"ASV_5188",0
"ASV_5189",6.42167703673507e-05
"ASV_5190",0
"ASV_5191",0
"ASV_5192",0
"ASV_5193",0
"ASV_5194",0
"ASV_5195",0
"ASV_5196",6.42167703673507e-05
"ASV_5197",6.42167703673507e-05
"ASV_5198",0
"ASV_5199",0
"ASV_5200",0
"ASV_5201",0
"ASV_5202",0
"ASV_5203",6.42167703673507e-05
"ASV_5204",6.42167703673507e-05
"ASV_5205",0
"ASV_5206",6.42167703673507e-05
"ASV_5207",0
"ASV_5208",6.42167703673507e-05
"ASV_5209",0
"ASV_5210",6.42167703673507e-05
"ASV_5211",6.42167703673507e-05
"ASV_5212",0
"ASV_5213",6.42167703673507e-05
"ASV_5214",0
"ASV_5215",6.42167703673507e-05
"ASV_5216",6.42167703673507e-05
"ASV_5217",6.42167703673507e-05
"ASV_5218",6.42167703673507e-05
"ASV_5219",0
"ASV_5220",6.42167703673507e-05
"ASV_5221",0
"ASV_5222",0
"ASV_5223",0
"ASV_5224",6.42167703673507e-05
"ASV_5225",0
"ASV_5226",0
"ASV_5227",0
"ASV_5228",0
"ASV_5229",0
"ASV_5230",6.42167703673507e-05
"ASV_5231",6.42167703673507e-05
"ASV_5232",0
"ASV_5233",0
"ASV_5234",6.42167703673507e-05
"ASV_5235",6.42167703673507e-05
"ASV_5236",6.42167703673507e-05
"ASV_5237",6.42167703673507e-05
"ASV_5238",6.42167703673507e-05
"ASV_5239",6.42167703673507e-05
"ASV_5240",0
"ASV_5241",0
"ASV_5242",0
"ASV_5243",6.42167703673507e-05
"ASV_5244",0
"ASV_5245",0
"ASV_5246",0
"ASV_5247",6.42167703673507e-05
"ASV_5248",6.42167703673507e-05
"ASV_5249",6.42167703673507e-05
"ASV_5250",6.42167703673507e-05
"ASV_5251",6.42167703673507e-05
"ASV_5252",6.42167703673507e-05
"ASV_5253",6.42167703673507e-05
"ASV_5254",6.42167703673507e-05
"ASV_5255",6.42167703673507e-05
"ASV_5256",0
"ASV_5257",6.42167703673507e-05
"ASV_5258",0
"ASV_5259",0
"ASV_5260",0
"ASV_5261",6.42167703673507e-05
"ASV_5262",6.42167703673507e-05
"ASV_5263",6.42167703673507e-05
"ASV_5264",0
"ASV_5265",6.42167703673507e-05
"ASV_5266",6.42167703673507e-05
"ASV_5267",6.42167703673507e-05
"ASV_5268",6.42167703673507e-05
"ASV_5269",6.42167703673507e-05
"ASV_5270",6.42167703673507e-05
"ASV_5271",6.42167703673507e-05
"ASV_5272",6.42167703673507e-05
"ASV_5273",6.42167703673507e-05
"ASV_5274",0
"ASV_5275",0
"ASV_5276",6.42167703673507e-05
"ASV_5277",0
"ASV_5278",0
"ASV_5279",0
"ASV_5280",6.42167703673507e-05
"ASV_5281",0
"ASV_5282",6.42167703673507e-05
"ASV_5283",6.42167703673507e-05
"ASV_5284",6.42167703673507e-05
"ASV_5285",0
"ASV_5286",0
"ASV_5287",6.42167703673507e-05
"ASV_5288",6.42167703673507e-05
"ASV_5289",6.42167703673507e-05
"ASV_5290",0
"ASV_5291",6.42167703673507e-05
"ASV_5292",0
"ASV_5293",0
"ASV_5294",0
"ASV_5295",0
"ASV_5296",6.42167703673507e-05
"ASV_5297",0
"ASV_5298",0
"ASV_5299",0
"ASV_5300",0
"ASV_5301",0
"ASV_5302",0
"ASV_5303",0
"ASV_5304",0
"ASV_5305",6.42167703673507e-05
"ASV_5306",6.42167703673507e-05
"ASV_5307",6.42167703673507e-05
"ASV_5308",6.42167703673507e-05
"ASV_5309",6.42167703673507e-05
"ASV_5310",0
"ASV_5311",6.42167703673507e-05
"ASV_5312",6.42167703673507e-05
"ASV_5313",6.42167703673507e-05
"ASV_5314",0
"ASV_5315",6.42167703673507e-05
"ASV_5316",6.42167703673507e-05
"ASV_5317",6.42167703673507e-05
"ASV_5318",6.42167703673507e-05
"ASV_5319",6.42167703673507e-05
"ASV_5320",0
"ASV_5321",6.42167703673507e-05
"ASV_5322",6.42167703673507e-05
"ASV_5323",6.42167703673507e-05
"ASV_5324",0
"ASV_5325",6.42167703673507e-05
"ASV_5326",0
"ASV_5327",6.42167703673507e-05
"ASV_5328",0
"ASV_5329",0
"ASV_5330",6.42167703673507e-05
"ASV_5331",0
"ASV_5332",0
"ASV_5333",0
"ASV_5334",0
"ASV_5335",0
"ASV_5336",0
"ASV_5337",6.42167703673507e-05
"ASV_5338",6.42167703673507e-05
"ASV_5339",6.42167703673507e-05
"ASV_5340",6.42167703673507e-05
"ASV_5341",6.42167703673507e-05
"ASV_5342",6.42167703673507e-05
"ASV_5343",6.42167703673507e-05
"ASV_5344",6.42167703673507e-05
"ASV_5345",0
"ASV_5346",6.42167703673507e-05
"ASV_5347",6.42167703673507e-05
"ASV_5348",0
"ASV_5349",6.42167703673507e-05
"ASV_5350",6.42167703673507e-05
"ASV_5351",6.42167703673507e-05
"ASV_5352",0
"ASV_5353",0
"ASV_5354",6.42167703673507e-05
"ASV_5355",0
"ASV_5356",6.42167703673507e-05
"ASV_5357",6.42167703673507e-05
"ASV_5358",0
"ASV_5359",0
"ASV_5360",6.42167703673507e-05
"ASV_5361",0
"ASV_5362",6.42167703673507e-05
"ASV_5363",6.42167703673507e-05
"ASV_5364",6.42167703673507e-05
"ASV_5365",6.42167703673507e-05
"ASV_5366",0
"ASV_5367",0
"ASV_5368",6.42167703673507e-05
"ASV_5369",6.42167703673507e-05
"ASV_5370",6.42167703673507e-05
"ASV_5371",6.42167703673507e-05
"ASV_5372",6.42167703673507e-05
"ASV_5373",6.42167703673507e-05
"ASV_5374",6.42167703673507e-05
"ASV_5375",0
"ASV_5376",6.42167703673507e-05
"ASV_5377",0
"ASV_5378",6.42167703673507e-05
"ASV_5379",6.42167703673507e-05
"ASV_5380",6.42167703673507e-05
"ASV_5381",6.42167703673507e-05
"ASV_5382",0
"ASV_5383",6.42167703673507e-05
"ASV_5384",6.42167703673507e-05
"ASV_5385",6.42167703673507e-05
"ASV_5386",0
"ASV_5387",0
"ASV_5388",6.42167703673507e-05
"ASV_5389",0
"ASV_5390",6.42167703673507e-05
"ASV_5391",6.42167703673507e-05
"ASV_5392",6.42167703673507e-05
"ASV_5393",6.42167703673507e-05
"ASV_5394",6.42167703673507e-05
"ASV_5395",6.42167703673507e-05
"ASV_5396",0
"ASV_5397",6.42167703673507e-05
"ASV_5398",6.42167703673507e-05
"ASV_5399",0
"ASV_5400",6.42167703673507e-05
"ASV_5401",6.42167703673507e-05
"ASV_5402",0
"ASV_5403",6.42167703673507e-05
"ASV_5404",6.42167703673507e-05
"ASV_5405",6.42167703673507e-05
"ASV_5406",0
"ASV_5407",6.42167703673507e-05
"ASV_5408",0
"ASV_5409",6.42167703673507e-05
"ASV_5410",6.42167703673507e-05
"ASV_5411",6.42167703673507e-05
"ASV_5412",6.42167703673507e-05
"ASV_5413",0
"ASV_5414",0
"ASV_5415",0
"ASV_5416",6.42167703673507e-05
"ASV_5417",0
"ASV_5418",6.42167703673507e-05
"ASV_5419",4.28111802449005e-05
"ASV_5420",4.28111802449005e-05
"ASV_5421",4.28111802449005e-05
"ASV_5422",4.28111802449005e-05
"ASV_5423",0
"ASV_5424",0
"ASV_5425",0
"ASV_5426",4.28111802449005e-05
"ASV_5427",0
"ASV_5428",0
"ASV_5429",4.28111802449005e-05
"ASV_5430",4.28111802449005e-05
"ASV_5431",4.28111802449005e-05
"ASV_5432",4.28111802449005e-05
"ASV_5433",4.28111802449005e-05
"ASV_5434",4.28111802449005e-05
"ASV_5435",4.28111802449005e-05
"ASV_5436",4.28111802449005e-05
"ASV_5437",0
"ASV_5438",4.28111802449005e-05
"ASV_5439",4.28111802449005e-05
"ASV_5440",0
"ASV_5441",0
"ASV_5442",0
"ASV_5443",0
"ASV_5444",0
"ASV_5445",4.28111802449005e-05
"ASV_5446",0
"ASV_5447",0
"ASV_5448",4.28111802449005e-05
"ASV_5449",0
"ASV_5450",4.28111802449005e-05
"ASV_5451",4.28111802449005e-05
"ASV_5452",4.28111802449005e-05
"ASV_5453",4.28111802449005e-05
"ASV_5454",4.28111802449005e-05
"ASV_5455",4.28111802449005e-05
"ASV_5456",4.28111802449005e-05
"ASV_5457",4.28111802449005e-05
"ASV_5458",0
"ASV_5459",4.28111802449005e-05
"ASV_5460",4.28111802449005e-05
"ASV_5461",4.28111802449005e-05
"ASV_5462",4.28111802449005e-05
"ASV_5463",0
"ASV_5464",0
"ASV_5465",4.28111802449005e-05
"ASV_5466",0
"ASV_5467",4.28111802449005e-05
"ASV_5468",4.28111802449005e-05
"ASV_5469",4.28111802449005e-05
"ASV_5470",0
"ASV_5471",4.28111802449005e-05
"ASV_5472",0
"ASV_5473",0
"ASV_5474",4.28111802449005e-05
"ASV_5475",0
"ASV_5476",0
"ASV_5477",4.28111802449005e-05
"ASV_5478",4.28111802449005e-05
"ASV_5479",0
"ASV_5480",4.28111802449005e-05
"ASV_5481",0
"ASV_5482",4.28111802449005e-05
"ASV_5483",4.28111802449005e-05
"ASV_5484",4.28111802449005e-05
"ASV_5485",4.28111802449005e-05
"ASV_5486",4.28111802449005e-05
"ASV_5487",0
"ASV_5488",0
"ASV_5489",0
"ASV_5490",4.28111802449005e-05
"ASV_5491",4.28111802449005e-05
"ASV_5492",0
"ASV_5493",0
"ASV_5494",0
"ASV_5495",4.28111802449005e-05
"ASV_5496",0
"ASV_5497",0
"ASV_5498",4.28111802449005e-05
"ASV_5499",4.28111802449005e-05
"ASV_5500",0
"ASV_5501",0
"ASV_5502",4.28111802449005e-05
"ASV_5503",4.28111802449005e-05
"ASV_5504",0
"ASV_5505",4.28111802449005e-05
"ASV_5506",4.28111802449005e-05
"ASV_5507",4.28111802449005e-05
"ASV_5508",4.28111802449005e-05
"ASV_5509",4.28111802449005e-05
"ASV_5510",4.28111802449005e-05
"ASV_5511",0
"ASV_5512",4.28111802449005e-05
"ASV_5513",4.28111802449005e-05
"ASV_5514",4.28111802449005e-05
"ASV_5515",4.28111802449005e-05
"ASV_5516",0
"ASV_5517",0
"ASV_5518",0
"ASV_5519",4.28111802449005e-05
"ASV_5520",0
"ASV_5521",0
"ASV_5522",0
"ASV_5523",4.28111802449005e-05
"ASV_5524",0
"ASV_5525",4.28111802449005e-05
"ASV_5526",4.28111802449005e-05
"ASV_5527",0
"ASV_5528",4.28111802449005e-05
"ASV_5529",0
"ASV_5530",4.28111802449005e-05
"ASV_5531",4.28111802449005e-05
"ASV_5532",0
"ASV_5533",0
"ASV_5534",0
"ASV_5535",4.28111802449005e-05
"ASV_5536",4.28111802449005e-05
"ASV_5537",0
"ASV_5538",4.28111802449005e-05
"ASV_5539",0
"ASV_5540",4.28111802449005e-05
"ASV_5541",4.28111802449005e-05
"ASV_5542",4.28111802449005e-05
"ASV_5543",0
"ASV_5544",4.28111802449005e-05
"ASV_5545",4.28111802449005e-05
"ASV_5546",4.28111802449005e-05
"ASV_5547",4.28111802449005e-05
"ASV_5548",4.28111802449005e-05
"ASV_5549",4.28111802449005e-05
"ASV_5550",0
"ASV_5551",4.28111802449005e-05
"ASV_5552",4.28111802449005e-05
"ASV_5553",0
"ASV_5554",0
"ASV_5555",4.28111802449005e-05
"ASV_5556",0
"ASV_5557",0
"ASV_5558",4.28111802449005e-05
"ASV_5559",4.28111802449005e-05
"ASV_5560",4.28111802449005e-05
"ASV_5561",0
"ASV_5562",0
"ASV_5563",0
"ASV_5564",0
"ASV_5565",4.28111802449005e-05
"ASV_5566",0
"ASV_5567",4.28111802449005e-05
"ASV_5568",4.28111802449005e-05
"ASV_5569",0
"ASV_5570",4.28111802449005e-05
"ASV_5571",0
"ASV_5572",0
"ASV_5573",0
"ASV_5574",0
"ASV_5575",4.28111802449005e-05
"ASV_5576",4.28111802449005e-05
"ASV_5577",0
"ASV_5578",0
"ASV_5579",0
"ASV_5580",0
"ASV_5581",0
"ASV_5582",0
"ASV_5583",0
"ASV_5584",0
"ASV_5585",4.28111802449005e-05
"ASV_5586",0
"ASV_5587",0
"ASV_5588",4.28111802449005e-05
"ASV_5589",4.28111802449005e-05
"ASV_5590",4.28111802449005e-05
"ASV_5591",0
"ASV_5592",4.28111802449005e-05
"ASV_5593",4.28111802449005e-05
"ASV_5594",4.28111802449005e-05
"ASV_5595",0
"ASV_5596",4.28111802449005e-05
"ASV_5597",4.28111802449005e-05
"ASV_5598",4.28111802449005e-05
"ASV_5599",4.28111802449005e-05
"ASV_5600",4.28111802449005e-05
"ASV_5601",0
"ASV_5602",0
"ASV_5603",4.28111802449005e-05
"ASV_5604",0
"ASV_5605",4.28111802449005e-05
"ASV_5606",4.28111802449005e-05
"ASV_5607",4.28111802449005e-05
"ASV_5608",0
"ASV_5609",4.28111802449005e-05
"ASV_5610",4.28111802449005e-05
"ASV_5611",4.28111802449005e-05
"ASV_5612",4.28111802449005e-05
"ASV_5613",0
"ASV_5614",4.28111802449005e-05
"ASV_5615",4.28111802449005e-05
"ASV_5616",4.28111802449005e-05
"ASV_5617",4.28111802449005e-05
"ASV_5618",4.28111802449005e-05
"ASV_5619",4.28111802449005e-05
"ASV_5620",4.28111802449005e-05
"ASV_5621",0
"ASV_5622",4.28111802449005e-05
"ASV_5623",4.28111802449005e-05
"ASV_5624",0
"ASV_5625",0
"ASV_5626",4.28111802449005e-05
"ASV_5627",0
"ASV_5628",0
"ASV_5629",4.28111802449005e-05
"ASV_5630",4.28111802449005e-05
"ASV_5631",4.28111802449005e-05
"ASV_5632",4.28111802449005e-05
"ASV_5633",4.28111802449005e-05
"ASV_5634",4.28111802449005e-05
"ASV_5635",0
"ASV_5636",4.28111802449005e-05
"ASV_5637",0
"ASV_5638",0
"ASV_5639",0
"ASV_5640",4.28111802449005e-05
"ASV_5641",0
"ASV_5642",4.28111802449005e-05
"ASV_5643",4.28111802449005e-05
"ASV_5644",4.28111802449005e-05
"ASV_5645",4.28111802449005e-05
"ASV_5646",0
"ASV_5647",4.28111802449005e-05
"ASV_5648",4.28111802449005e-05
"ASV_5649",4.28111802449005e-05
"ASV_5650",4.28111802449005e-05
"ASV_5651",0
"ASV_5652",4.28111802449005e-05
"ASV_5653",0
"ASV_5654",4.28111802449005e-05
"ASV_5655",4.28111802449005e-05
"ASV_5656",4.28111802449005e-05
"ASV_5657",4.28111802449005e-05
"ASV_5658",4.28111802449005e-05
"ASV_5659",4.28111802449005e-05
"ASV_5660",4.28111802449005e-05
"ASV_5661",4.28111802449005e-05
"ASV_5662",4.28111802449005e-05
"ASV_5663",0
"ASV_5664",4.28111802449005e-05
"ASV_5665",0
"ASV_5666",4.28111802449005e-05
"ASV_5667",4.28111802449005e-05
"ASV_5668",0
"ASV_5669",4.28111802449005e-05
"ASV_5670",4.28111802449005e-05
"ASV_5671",4.28111802449005e-05
"ASV_5672",0
"ASV_5673",0
"ASV_5674",4.28111802449005e-05
"ASV_5675",0
"ASV_5676",4.28111802449005e-05
"ASV_5677",0
"ASV_5678",4.28111802449005e-05
"ASV_5679",0
"ASV_5680",0
"ASV_5681",0
"ASV_5682",4.28111802449005e-05
"ASV_5683",0
"ASV_5684",0
"ASV_5685",4.28111802449005e-05
"ASV_5686",4.28111802449005e-05
"ASV_5687",4.28111802449005e-05
"ASV_5688",4.28111802449005e-05
"ASV_5689",4.28111802449005e-05
"ASV_5690",4.28111802449005e-05
"ASV_5691",0
"ASV_5692",4.28111802449005e-05
"ASV_5693",4.28111802449005e-05
"ASV_5694",0
"ASV_5695",0
"ASV_5696",0
"ASV_5697",4.28111802449005e-05
"ASV_5698",4.28111802449005e-05
"ASV_5699",0
"ASV_5700",4.28111802449005e-05
"ASV_5701",4.28111802449005e-05
"ASV_5702",4.28111802449005e-05
"ASV_5703",4.28111802449005e-05
"ASV_5704",4.28111802449005e-05
"ASV_5705",4.28111802449005e-05
"ASV_5706",0
"ASV_5707",0
"ASV_5708",4.28111802449005e-05
"ASV_5709",4.28111802449005e-05
"ASV_5710",0
"ASV_5711",0
"ASV_5712",0
"ASV_5713",4.28111802449005e-05
"ASV_5714",4.28111802449005e-05
"ASV_5715",0
"ASV_5716",4.28111802449005e-05
"ASV_5717",0
"ASV_5718",0
"ASV_5719",4.28111802449005e-05
"ASV_5720",4.28111802449005e-05
"ASV_5721",0
"ASV_5722",4.28111802449005e-05
"ASV_5723",4.28111802449005e-05
"ASV_5724",4.28111802449005e-05
"ASV_5725",4.28111802449005e-05
"ASV_5726",4.28111802449005e-05
"ASV_5727",0
"ASV_5728",4.28111802449005e-05
"ASV_5729",4.28111802449005e-05
"ASV_5730",4.28111802449005e-05
"ASV_5731",4.28111802449005e-05
"ASV_5732",0
"ASV_5733",4.28111802449005e-05
"ASV_5734",4.28111802449005e-05
"ASV_5735",4.28111802449005e-05
"ASV_5736",4.28111802449005e-05
"ASV_5737",4.28111802449005e-05
"ASV_5738",4.28111802449005e-05
"ASV_5739",4.28111802449005e-05
"ASV_5740",4.28111802449005e-05
"ASV_5741",4.28111802449005e-05
"ASV_5742",4.28111802449005e-05
"ASV_5743",4.28111802449005e-05
"ASV_5744",4.28111802449005e-05
"ASV_5745",4.28111802449005e-05
"ASV_5746",4.28111802449005e-05
"ASV_5747",4.28111802449005e-05
"ASV_5748",0
"ASV_5749",0
"ASV_5750",4.28111802449005e-05
"ASV_5751",4.28111802449005e-05
"ASV_5752",0
"ASV_5753",0
"ASV_5754",4.28111802449005e-05
"ASV_5755",0
"ASV_5756",0
"ASV_5757",4.28111802449005e-05
"ASV_5758",4.28111802449005e-05
"ASV_5759",4.28111802449005e-05
"ASV_5760",4.28111802449005e-05
"ASV_5761",4.28111802449005e-05
"ASV_5762",0
"ASV_5763",0
"ASV_5764",4.28111802449005e-05
"ASV_5765",0
"ASV_5766",4.28111802449005e-05
"ASV_5767",4.28111802449005e-05
"ASV_5768",4.28111802449005e-05
"ASV_5769",0
"ASV_5770",4.28111802449005e-05
"ASV_5771",4.28111802449005e-05
"ASV_5772",0
"ASV_5773",4.28111802449005e-05
"ASV_5774",4.28111802449005e-05
"ASV_5775",4.28111802449005e-05
"ASV_5776",4.28111802449005e-05
"ASV_5777",4.28111802449005e-05
"ASV_5778",4.28111802449005e-05
"ASV_5779",4.28111802449005e-05
"ASV_5780",4.28111802449005e-05
"ASV_5781",4.28111802449005e-05
"ASV_5782",4.28111802449005e-05
"ASV_5783",0
"ASV_5784",4.28111802449005e-05
"ASV_5785",4.28111802449005e-05
"ASV_5786",0
"ASV_5787",4.28111802449005e-05
"ASV_5788",4.28111802449005e-05
"ASV_5789",0
"ASV_5790",4.28111802449005e-05
"ASV_5791",4.28111802449005e-05
"ASV_5792",4.28111802449005e-05
"ASV_5793",4.28111802449005e-05
"ASV_5794",4.28111802449005e-05
"ASV_5795",4.28111802449005e-05
"ASV_5796",4.28111802449005e-05
"ASV_5797",4.28111802449005e-05
"ASV_5798",4.28111802449005e-05
"ASV_5799",4.28111802449005e-05
"ASV_5800",0
"ASV_5801",4.28111802449005e-05
"ASV_5802",4.28111802449005e-05
"ASV_5803",4.28111802449005e-05
"ASV_5804",4.28111802449005e-05
"ASV_5805",4.28111802449005e-05
"ASV_5806",0
"ASV_5807",4.28111802449005e-05
"ASV_5808",4.28111802449005e-05
"ASV_5809",4.28111802449005e-05
